date,temperature_2m_max,temperature_2m_min,temperature_2m_mean,precipitation_sum,wind_speed_10m_max,relative_humidity_2m_mean,surface_pressure_mean
2021-01-01,21.9,8.8,15.0,0.0,20.5,37.5,1009.3
2021-01-02,21.8,8.7,15.1,0.0,21.1,39.2,1009.0
2021-01-03,22.0,9.1,15.3,0.0,19.4,49.7,1008.0
2021-01-04,22.4,9.1,15.9,0.0,18.1,54.3,1007.7
2021-01-05,22.8,11.8,16.5,0.0,22.7,62.7,1009.0
2021-01-06,24.4,9.4,16.9,0.0,18.2,51.1,1010.2
2021-01-07,24.0,11.3,17.2,0.0,21.5,52.0,1008.8
2021-01-08,21.4,9.9,15.4,0.0,27.1,51.2,1008.1
2021-01-09,23.0,9.5,15.6,0.0,28.1,41.9,1009.5
2021-01-10,23.5,9.1,15.9,0.0,21.6,44.2,1009.7
2021-01-11,24.7,8.2,16.0,0.0,21.3,36.0,1010.4
2021-01-12,25.8,8.9,16.7,0.0,15.7,26.1,1010.8
2021-01-13,26.3,7.6,16.7,0.0,12.2,23.8,1009.1
2021-01-14,26.2,9.5,17.8,0.0,11.2,27.8,1007.5
2021-01-15,27.2,11.4,19.0,0.0,15.2,28.8,1006.2
2021-01-16,27.0,10.9,18.4,0.0,19.1,35.6,1005.7
2021-01-17,27.2,10.6,18.8,0.0,16.7,38.5,1005.1
2021-01-18,26.1,11.4,18.2,0.0,21.3,40.3,1007.8
2021-01-19,24.0,9.5,16.3,0.0,19.4,67.1,1009.0
2021-01-20,26.0,10.4,18.0,0.0,15.6,51.5,1009.1
2021-01-21,27.8,9.8,19.2,0.0,16.6,35.1,1008.1
2021-01-22,29.0,15.2,21.2,0.0,23.2,73.8,1005.9
2021-01-23,26.5,14.7,19.9,0.0,23.1,46.5,1007.4
2021-01-24,25.1,8.7,16.7,0.0,15.2,17.0,1010.0
2021-01-25,25.0,10.3,16.8,0.0,16.6,21.2,1011.3
2021-01-26,24.7,8.6,16.3,0.0,15.4,23.0,1010.9
2021-01-27,25.4,8.0,16.7,0.0,13.5,23.6,1010.4
2021-01-28,25.6,8.9,17.2,0.0,16.3,24.7,1011.2
2021-01-29,25.5,8.5,17.1,0.0,14.4,22.5,1012.1
2021-01-30,26.2,8.5,18.3,0.0,13.0,20.5,1010.8
2021-01-31,28.0,12.5,20.1,0.0,14.4,22.3,1009.5
2021-02-01,29.0,12.6,20.6,0.0,13.2,57.7,1011.0
2021-02-02,29.9,13.1,21.5,0.0,11.4,47.2,1010.7
2021-02-03,29.3,13.8,21.3,0.0,13.7,50.2,1008.9
2021-02-04,28.5,13.8,20.9,0.0,19.6,46.1,1009.4
2021-02-05,26.9,14.0,20.6,0.0,18.8,31.0,1011.3
2021-02-06,27.2,11.9,19.6,0.0,21.0,27.3,1011.7
2021-02-07,28.2,13.0,20.5,0.0,18.2,27.8,1011.4
2021-02-08,29.8,11.6,21.9,0.0,10.8,30.3,1010.8
2021-02-09,30.5,13.5,22.4,0.0,17.1,28.3,1008.4
2021-02-10,31.7,13.2,22.8,0.0,14.7,43.2,1006.9
2021-02-11,31.7,14.8,23.9,0.0,12.0,23.7,1006.1
2021-02-12,31.8,15.3,23.9,0.0,11.9,20.3,1006.2
2021-02-13,31.8,14.5,23.8,0.0,12.0,22.0,1006.8
2021-02-14,31.5,14.8,23.7,0.0,18.2,27.1,1006.9
2021-02-15,30.4,15.8,23.4,0.0,16.9,49.0,1006.0
2021-02-16,31.7,16.3,24.0,0.0,17.3,51.6,1005.9
2021-02-17,32.2,14.9,24.0,0.0,15.1,38.0,1006.9
2021-02-18,32.1,17.8,24.5,0.0,14.3,18.7,1008.5
2021-02-19,32.3,19.1,25.4,0.0,21.3,15.5,1010.7
2021-02-20,31.6,17.9,24.5,0.0,18.4,23.2,1011.0
2021-02-21,32.4,15.7,25.0,0.0,11.9,23.2,1010.3
2021-02-22,33.5,15.2,25.5,0.0,20.2,23.2,1009.3
2021-02-23,33.7,17.5,25.7,0.0,23.9,27.2,1007.1
2021-02-24,33.1,17.0,24.5,0.0,23.7,58.2,1005.1
2021-02-25,34.9,18.7,25.9,0.0,20.9,61.1,1005.1
2021-02-26,36.4,19.9,27.8,0.0,23.7,48.8,1003.5
2021-02-27,34.5,21.2,27.2,0.0,22.6,49.7,1003.2
2021-02-28,33.8,19.7,26.4,0.0,25.3,39.6,1004.1
2021-03-01,32.5,16.1,24.6,0.0,17.3,23.9,1007.9
2021-03-02,33.2,16.9,25.4,0.0,14.3,16.0,1009.1
2021-03-03,35.0,15.7,26.0,0.0,22.3,28.4,1006.7
2021-03-04,36.6,19.2,27.6,0.0,17.2,49.2,1005.6
2021-03-05,37.0,20.1,29.0,0.0,19.8,40.4,1006.3
2021-03-06,37.4,21.0,29.0,0.0,26.8,39.3,1005.4
2021-03-07,36.7,21.0,27.8,0.0,33.8,57.2,1002.7
2021-03-08,36.8,21.5,28.3,0.0,27.9,45.7,1004.1
2021-03-09,35.6,19.7,27.2,0.0,20.5,52.5,1005.7
2021-03-10,35.0,19.6,27.4,0.0,19.7,32.5,1005.7
2021-03-11,33.8,18.1,26.0,0.0,20.9,49.5,1005.3
2021-03-12,33.8,20.0,26.5,0.0,16.5,55.2,1006.9
2021-03-13,34.7,21.8,28.4,0.0,18.2,31.2,1008.8
2021-03-14,35.1,20.3,28.5,0.0,15.8,29.2,1006.6
2021-03-15,36.1,20.8,28.5,0.0,13.9,27.9,1005.2
2021-03-16,37.4,20.9,29.3,0.0,18.4,34.3,1005.0
2021-03-17,37.1,20.8,29.2,0.0,20.9,34.2,1003.8
2021-03-18,36.5,20.6,28.8,0.0,23.0,37.6,1003.6
2021-03-19,35.4,20.3,28.1,0.0,13.8,39.2,1004.1
2021-03-20,36.8,22.0,29.8,0.0,21.6,24.7,1002.8
2021-03-21,37.4,21.9,29.4,0.0,30.6,32.1,1001.4
2021-03-22,36.6,21.2,28.3,0.0,27.0,53.4,1003.4
2021-03-23,35.3,21.0,27.8,0.0,18.7,49.2,1005.4
2021-03-24,36.2,20.8,28.9,0.0,18.2,30.1,1007.1
2021-03-25,36.5,21.4,29.2,0.0,15.2,16.1,1007.2
2021-03-26,38.1,21.3,30.0,0.0,18.9,18.6,1005.7
2021-03-27,40.4,22.9,31.5,0.0,18.5,17.7,1003.5
2021-03-28,41.1,22.0,31.5,0.0,30.0,31.4,1001.3
2021-03-29,40.4,22.1,30.5,0.0,31.4,46.1,1000.1
2021-03-30,40.4,22.7,31.1,0.0,20.5,52.5,999.3
2021-03-31,39.8,24.5,32.0,0.0,18.1,22.7,999.0
2021-04-01,39.8,21.1,30.5,0.0,16.3,8.9,999.0
2021-04-02,39.5,20.2,30.6,0.0,17.3,12.7,999.3
2021-04-03,40.4,21.2,31.8,0.0,21.7,20.8,1000.0
2021-04-04,42.1,23.0,32.6,0.0,27.6,34.5,1001.9
2021-04-05,40.9,23.3,31.7,0.0,31.5,42.3,1002.2
2021-04-06,40.5,23.0,31.3,0.0,27.6,51.1,1001.7
2021-04-07,39.0,23.6,30.7,0.0,20.3,48.4,1003.1
2021-04-08,37.9,24.4,31.4,0.0,18.7,14.8,1002.6
2021-04-09,37.9,22.0,31.0,0.0,18.5,17.2,1002.4
2021-04-10,39.0,23.0,31.4,0.0,15.4,20.6,1003.5
2021-04-11,40.3,23.8,32.7,0.0,31.0,13.3,1003.7
2021-04-12,40.5,23.0,32.4,0.0,23.9,25.6,1004.5
2021-04-13,39.4,23.2,31.7,0.0,26.4,28.9,1004.8
2021-04-14,36.4,21.6,28.9,0.0,27.2,41.8,1003.9
2021-04-15,37.2,21.6,29.1,0.0,30.2,57.0,1002.6
2021-04-16,38.5,23.9,30.8,0.0,23.8,50.4,1001.9
2021-04-17,39.1,23.7,31.5,0.0,26.7,47.1,1003.4
2021-04-18,39.4,23.9,32.5,0.0,31.7,38.6,1004.4
2021-04-19,40.2,24.6,32.6,0.0,27.0,38.0,1001.5
2021-04-20,38.7,25.7,31.7,0.0,38.3,34.8,1000.1
2021-04-21,39.0,23.2,30.7,0.0,21.8,38.3,1002.4
2021-04-22,40.1,23.0,31.1,0.0,29.7,52.6,1002.4
2021-04-23,41.3,24.1,32.5,0.0,23.9,46.8,1000.4
2021-04-24,40.3,25.5,33.4,0.0,20.2,25.8,1002.4
2021-04-25,40.9,24.8,34.0,0.0,17.7,17.0,1002.6
2021-04-26,41.2,24.9,34.2,0.0,19.7,24.3,1001.4
2021-04-27,41.1,25.5,33.7,0.0,21.9,34.6,1001.6
2021-04-28,40.6,24.4,32.3,0.0,25.2,47.0,1003.0
2021-04-29,40.1,23.9,31.6,0.0,28.4,50.6,1002.5
2021-04-30,39.1,24.5,31.4,0.0,30.7,52.6,1000.9
2021-05-01,38.7,24.5,31.5,0.0,34.2,47.6,1000.5
2021-05-02,38.8,25.6,32.7,0.0,30.4,36.2,1001.1
2021-05-03,39.2,24.4,32.3,0.0,24.4,34.8,1000.9
2021-05-04,40.1,24.8,32.3,0.0,32.8,45.7,999.8
2021-05-05,41.0,24.4,32.9,0.0,27.6,46.4,999.8
2021-05-06,40.7,25.7,33.7,0.0,24.2,41.7,999.8
2021-05-07,40.6,26.9,34.5,0.0,20.9,37.6,1001.3
2021-05-08,40.6,27.1,34.6,0.0,28.0,40.5,1000.5
2021-05-09,41.2,27.0,34.4,0.0,29.3,39.9,998.6
2021-05-10,40.6,25.2,32.4,0.0,36.7,52.7,997.8
2021-05-11,40.3,25.7,32.1,0.0,35.4,54.9,998.1
2021-05-12,39.6,25.5,32.0,0.0,34.4,54.2,996.3
2021-05-13,40.4,25.5,32.0,0.0,36.9,58.5,994.8
2021-05-14,39.6,26.0,32.3,0.0,25.5,57.7,995.4
2021-05-15,40.4,25.1,32.7,0.0,21.1,51.0,995.9
2021-05-16,43.5,27.4,36.2,0.0,23.5,34.2,995.7
2021-05-17,40.6,30.7,35.8,0.0,29.4,38.5,995.8
2021-05-18,32.9,26.6,29.4,3.5,32.1,58.0,995.6
2021-05-19,39.4,24.0,32.2,0.0,19.3,38.2,996.1
2021-05-20,40.2,26.1,32.5,0.0,29.0,53.8,996.9
2021-05-21,39.9,26.7,32.4,0.0,32.6,59.1,996.9
2021-05-22,39.9,27.0,32.6,0.0,27.5,57.4,996.9
2021-05-23,39.1,27.1,32.4,0.9,27.9,56.4,999.0
2021-05-24,42.0,28.0,33.8,0.0,30.8,52.0,1000.5
2021-05-25,42.0,26.1,33.1,0.0,35.9,55.7,997.8
2021-05-26,43.0,27.1,33.9,0.0,33.0,58.2,994.7
2021-05-27,42.0,27.4,33.6,0.0,30.8,60.8,994.9
2021-05-28,41.7,27.3,33.6,0.0,28.3,58.2,995.8
2021-05-29,40.1,27.2,32.9,0.0,33.0,58.0,997.4
2021-05-30,40.9,26.7,32.4,0.0,33.9,60.4,997.1
2021-05-31,40.7,26.3,32.3,0.0,36.4,63.4,994.3
2021-06-01,39.9,27.3,32.5,0.0,36.2,61.6,994.8
2021-06-02,40.3,27.5,32.7,0.0,31.5,59.0,996.9
2021-06-03,39.4,27.6,32.8,0.0,28.5,56.1,998.4
2021-06-04,39.1,27.3,32.7,0.0,27.3,57.5,999.0
2021-06-05,39.9,27.3,33.1,0.0,27.1,56.2,997.7
2021-06-06,39.2,27.4,33.1,0.0,25.3,54.3,998.1
2021-06-07,39.8,27.6,33.1,0.0,30.9,54.9,997.9
2021-06-08,39.6,28.0,32.8,0.0,38.5,56.6,996.3
2021-06-09,39.4,27.9,32.7,0.0,36.2,58.0,994.2
2021-06-10,39.1,27.7,32.3,0.0,36.7,57.3,993.2
2021-06-11,39.0,27.9,32.3,0.0,39.3,57.6,992.6
2021-06-12,39.1,28.1,32.7,0.0,38.0,58.3,992.7
2021-06-13,39.5,28.6,32.8,0.0,35.8,60.3,992.9
2021-06-14,38.0,27.8,32.3,0.0,30.3,61.2,992.2
2021-06-15,38.8,27.8,32.4,0.0,34.4,61.5,989.8
2021-06-16,37.7,28.2,32.5,0.3,28.2,62.0,990.0
2021-06-17,38.6,27.9,32.3,0.8,27.7,63.6,992.2
2021-06-18,35.1,27.9,31.3,0.3,22.4,68.8,993.8
2021-06-19,37.1,26.8,30.2,3.1,23.6,72.1,994.7
2021-06-20,36.3,26.9,30.5,0.0,27.9,67.3,995.4
2021-06-21,38.6,27.1,31.4,0.0,32.3,62.0,996.9
2021-06-22,39.3,27.0,32.2,0.0,33.1,60.0,997.3
2021-06-23,39.2,27.4,32.5,0.0,31.1,55.5,996.9
2021-06-24,38.7,27.3,32.3,0.0,33.1,56.0,996.8
2021-06-25,38.8,27.6,32.0,0.0,38.2,57.3,995.4
2021-06-26,38.4,27.4,31.9,0.0,33.9,59.6,995.9
2021-06-27,39.3,27.4,32.7,0.0,33.9,55.0,999.2
2021-06-28,40.5,27.4,33.6,0.0,31.3,52.7,998.5
2021-06-29,39.9,28.2,33.1,0.0,30.6,54.2,997.3
2021-06-30,38.4,27.8,32.1,0.0,37.0,56.8,995.9
2021-07-01,39.3,27.4,32.0,0.0,42.6,60.9,992.3
2021-07-02,37.3,27.7,31.8,0.0,41.0,61.2,992.8
2021-07-03,37.5,28.0,31.8,0.3,37.7,61.2,995.2
2021-07-04,37.9,27.1,31.6,0.0,34.6,61.0,997.3
2021-07-05,38.2,27.2,31.7,0.0,31.8,58.2,998.0
2021-07-06,38.1,26.6,31.5,0.0,32.3,57.8,997.2
2021-07-07,37.5,26.6,31.4,0.0,35.1,57.6,996.5
2021-07-08,38.1,27.3,31.4,0.0,39.0,60.8,995.0
2021-07-09,35.6,27.4,30.9,0.4,32.0,65.8,993.9
2021-07-10,38.9,26.8,32.4,0.0,26.7,61.1,993.9
2021-07-11,39.3,28.2,33.6,0.0,24.7,56.1,993.5
2021-07-12,33.6,28.2,31.0,6.6,20.3,73.3,992.9
2021-07-13,38.0,28.5,32.9,0.1,23.7,67.1,992.3
2021-07-14,38.1,28.8,33.2,0.0,25.4,60.3,992.8
2021-07-15,38.2,29.0,32.0,12.7,18.0,70.2,993.3
2021-07-16,35.5,28.8,31.6,0.3,21.6,76.6,994.8
2021-07-17,36.9,28.1,31.9,0.0,25.5,68.0,996.1
2021-07-18,36.8,28.2,31.7,0.3,34.0,68.1,994.3
2021-07-19,34.0,27.5,30.1,0.6,39.0,72.0,991.9
2021-07-20,33.8,27.4,29.9,0.5,42.7,73.2,992.5
2021-07-21,37.9,27.6,31.5,0.1,43.2,66.8,991.4
2021-07-22,40.0,27.3,32.2,0.1,31.3,64.8,989.8
2021-07-23,37.8,27.0,31.7,2.1,22.3,67.9,990.8
2021-07-24,34.0,27.9,30.0,2.7,22.1,74.7,993.2
2021-07-25,37.2,26.6,31.2,0.0,31.5,67.1,992.8
2021-07-26,34.9,27.6,30.4,0.1,36.5,68.3,992.4
2021-07-27,33.8,27.2,29.7,2.5,40.4,72.7,990.6
2021-07-28,32.9,27.2,29.1,0.3,42.3,75.0,990.2
2021-07-29,36.2,26.9,29.9,0.3,42.2,71.2,991.3
2021-07-30,36.6,26.5,30.1,0.1,41.6,69.6,992.9
2021-07-31,36.2,27.0,30.1,0.0,40.4,67.5,994.3
2021-08-01,36.8,26.7,30.1,0.2,42.1,67.2,993.7
2021-08-02,33.9,26.3,29.3,0.0,37.7,71.8,993.8
2021-08-03,35.1,26.6,29.4,0.0,36.7,71.0,995.6
2021-08-04,37.5,26.1,30.2,0.1,36.9,67.2,995.6
2021-08-05,37.0,25.9,30.4,0.0,28.3,66.3,994.7
2021-08-06,37.4,26.3,30.9,0.1,27.5,64.2,994.5
2021-08-07,37.7,25.8,31.1,0.0,25.7,62.2,996.0
2021-08-08,37.4,26.2,31.0,0.0,28.2,61.2,997.9
2021-08-09,37.1,26.1,30.6,0.0,28.7,60.5,998.9
2021-08-10,36.2,25.8,29.8,0.0,31.6,60.9,998.4
2021-08-11,36.6,25.7,29.9,0.0,33.9,61.1,997.8
2021-08-12,36.2,25.6,29.9,0.0,32.9,62.6,998.7
2021-08-13,36.2,25.4,29.6,0.0,33.7,64.6,997.6
2021-08-14,35.8,25.3,29.4,0.0,35.7,65.8,995.2
2021-08-15,36.1,25.6,29.8,0.0,33.4,63.8,995.7
2021-08-16,37.0,25.6,30.8,0.0,24.8,60.2,998.7
2021-08-17,36.5,25.2,30.6,0.0,24.3,57.2,999.4
2021-08-18,37.4,25.1,30.4,0.0,29.3,58.8,997.4
2021-08-19,37.3,25.3,30.4,0.0,34.2,58.8,996.5
2021-08-20,36.7,25.6,30.7,0.0,29.8,58.8,997.2
2021-08-21,37.2,25.5,30.8,0.0,24.2,59.0,998.8
2021-08-22,37.1,26.7,31.2,0.0,25.7,58.0,999.0
2021-08-23,38.3,25.9,31.3,0.0,29.3,59.5,998.4
2021-08-24,37.8,26.7,30.9,0.0,34.7,60.5,998.1
2021-08-25,36.9,25.9,29.9,0.0,38.1,63.2,996.3
2021-08-26,36.2,25.7,29.6,0.0,37.7,63.9,994.2
2021-08-27,35.8,25.7,29.9,0.0,31.7,62.8,994.6
2021-08-28,35.4,24.8,29.9,0.1,23.4,60.3,995.2
2021-08-29,36.1,25.0,30.4,0.0,18.4,58.5,996.0
2021-08-30,36.1,26.3,30.9,0.9,18.2,56.7,998.1
2021-08-31,39.0,27.4,32.9,0.8,18.4,52.0,997.7
2021-09-01,35.7,27.6,31.3,0.4,18.8,63.1,997.3
2021-09-02,31.5,27.3,29.5,6.3,21.6,79.7,995.8
2021-09-03,32.3,26.3,28.8,1.5,20.9,80.7,994.9
2021-09-04,32.4,25.7,28.7,1.0,19.7,80.8,995.4
2021-09-05,33.9,25.7,29.3,0.7,19.9,80.5,996.1
2021-09-06,34.4,26.1,30.0,0.3,18.8,74.9,997.4
2021-09-07,37.6,26.7,31.6,1.0,16.6,66.7,997.1
2021-09-08,38.3,29.1,32.2,1.1,16.3,66.2,994.8
2021-09-09,35.1,27.0,29.9,3.7,22.0,78.9,995.0
2021-09-10,32.2,26.1,28.6,13.5,18.7,86.2,995.9
2021-09-11,32.8,25.3,28.5,14.1,18.4,85.5,994.7
2021-09-12,33.5,27.2,29.8,0.4,21.6,80.3,993.2
2021-09-13,34.5,27.4,30.2,0.8,21.3,79.5,993.5
2021-09-14,32.7,27.2,30.0,6.7,22.8,81.3,994.9
2021-09-15,33.4,27.3,30.2,3.5,19.8,79.2,996.0
2021-09-16,34.5,26.5,30.0,0.1,19.1,78.6,996.5
2021-09-17,35.4,26.0,30.5,0.0,12.3,73.4,996.4
2021-09-18,36.6,27.3,30.8,0.6,18.9,74.2,998.5
2021-09-19,36.5,27.1,30.8,0.1,23.2,70.7,1000.2
2021-09-20,36.6,26.7,30.9,0.1,24.2,67.8,999.3
2021-09-21,36.8,26.6,30.5,0.6,25.7,66.4,997.9
2021-09-22,33.2,26.1,28.8,1.4,19.2,75.8,996.9
2021-09-23,31.1,26.2,27.7,16.0,9.3,86.6,997.6
2021-09-24,31.8,25.6,28.1,1.7,18.4,86.3,999.3
2021-09-25,30.7,25.9,28.0,3.8,9.7,86.1,999.8
2021-09-26,32.6,25.8,28.7,0.4,13.4,81.8,998.5
2021-09-27,33.7,26.0,29.4,0.0,13.4,79.6,997.7
2021-09-28,33.0,26.0,29.0,6.8,18.3,82.7,997.7
2021-09-29,35.3,27.0,30.0,0.2,30.1,75.2,996.7
2021-09-30,28.7,25.9,27.0,12.9,34.1,86.3,999.0
2021-10-01,31.1,25.0,27.7,0.0,24.4,83.0,1001.9
2021-10-02,31.6,24.4,27.7,0.0,14.8,80.4,1002.6
2021-10-03,32.0,24.9,27.9,0.0,21.5,82.0,1001.6
2021-10-04,32.3,25.0,27.9,0.0,29.7,79.9,999.9
2021-10-05,32.9,24.8,28.2,0.0,20.0,76.8,1001.4
2021-10-06,33.7,24.1,28.5,0.0,12.4,73.5,1002.4
2021-10-07,35.9,24.7,30.2,0.0,11.9,65.9,1000.9
2021-10-08,36.7,25.8,31.0,0.0,18.3,63.0,999.7
2021-10-09,37.3,25.4,30.9,0.0,20.9,60.7,1000.8
2021-10-10,37.0,23.8,29.8,0.0,20.0,60.2,1001.2
2021-10-11,36.6,23.3,29.4,0.0,20.4,61.8,1000.3
2021-10-12,36.3,24.3,29.8,0.0,16.0,57.8,1001.0
2021-10-13,37.5,22.5,30.3,0.0,18.4,34.6,1001.5
2021-10-14,37.8,23.1,30.6,0.0,18.3,25.5,1001.5
2021-10-15,36.4,21.7,29.7,0.0,13.3,24.8,999.4
2021-10-16,36.7,20.7,29.2,0.0,14.8,24.6,998.5
2021-10-17,37.1,22.4,29.5,0.0,18.7,20.0,999.2
2021-10-18,36.7,22.5,29.2,0.0,22.0,21.4,1000.0
2021-10-19,36.6,21.1,28.5,0.0,22.5,47.4,1003.1
2021-10-20,35.3,21.6,28.0,0.0,21.3,55.0,1006.3
2021-10-21,33.1,21.5,27.0,0.0,26.9,59.4,1006.8
2021-10-22,33.2,21.5,26.9,0.0,29.0,59.8,1005.3
2021-10-23,34.4,22.8,27.8,0.0,29.7,61.5,1004.2
2021-10-24,33.0,22.3,27.3,0.0,19.2,56.2,1005.4
2021-10-25,33.7,20.4,27.5,0.0,13.3,42.5,1007.2
2021-10-26,33.0,22.8,27.8,0.0,17.6,39.8,1007.0
2021-10-27,34.2,20.6,27.1,0.0,12.3,31.2,1008.1
2021-10-28,33.9,20.4,27.0,0.0,16.2,30.3,1008.7
2021-10-29,33.9,20.2,27.6,0.0,11.6,27.7,1010.1
2021-10-30,34.6,19.1,27.0,0.0,14.2,27.0,1010.8
2021-10-31,34.8,18.4,26.9,0.0,16.7,27.0,1008.4
2021-11-01,34.6,19.5,26.9,0.0,18.0,39.1,1005.6
2021-11-02,33.2,18.2,25.8,0.0,12.4,48.9,1006.4
2021-11-03,34.3,19.7,27.3,0.0,15.4,30.5,1007.5
2021-11-04,33.6,19.9,26.6,0.0,17.0,27.5,1007.0
2021-11-05,33.5,18.3,26.4,0.0,13.1,25.8,1006.5
2021-11-06,33.8,17.5,25.9,0.0,14.5,27.3,1005.9
2021-11-07,34.3,18.2,26.5,0.0,14.4,27.2,1005.5
2021-11-08,34.7,18.5,26.6,0.0,16.1,27.5,1007.1
2021-11-09,34.9,20.1,27.3,0.0,15.3,23.8,1008.0
2021-11-10,33.5,19.2,27.0,0.0,11.5,25.3,1007.4
2021-11-11,33.5,18.6,26.2,0.0,12.4,24.9,1006.6
2021-11-12,33.3,17.3,25.5,0.0,16.8,23.3,1006.9
2021-11-13,32.6,18.8,25.4,0.0,16.3,22.3,1006.9
2021-11-14,32.0,17.9,24.5,0.0,13.4,25.9,1005.8
2021-11-15,31.9,15.4,24.0,0.0,15.2,26.0,1004.8
2021-11-16,31.6,15.7,23.7,0.0,19.1,24.5,1005.0
2021-11-17,30.3,16.6,23.4,0.0,15.5,26.5,1006.1
2021-11-18,30.6,16.6,22.9,0.0,18.5,38.4,1005.4
2021-11-19,29.9,16.6,23.2,0.0,21.6,53.0,1003.7
2021-11-20,30.7,20.5,25.0,0.0,20.0,43.5,1003.6
2021-11-21,32.0,19.8,25.7,0.0,21.4,44.4,1006.0
2021-11-22,32.2,19.9,25.5,0.0,18.4,35.5,1007.7
2021-11-23,31.9,15.7,23.8,0.0,13.3,31.0,1005.9
2021-11-24,31.2,14.7,23.2,0.0,13.4,52.4,1005.5
2021-11-25,30.7,17.6,23.6,0.0,10.9,64.0,1007.1
2021-11-26,32.0,18.4,25.2,0.0,10.4,54.5,1007.3
2021-11-27,31.7,17.7,24.7,0.0,13.3,50.6,1006.7
2021-11-28,31.8,17.7,24.7,0.0,20.2,47.3,1008.3
2021-11-29,31.8,17.7,24.8,0.0,15.8,39.3,1009.6
2021-11-30,30.8,18.9,24.7,0.0,16.7,38.9,1009.0
2021-12-01,26.9,18.4,23.1,0.0,20.6,44.9,1008.5
2021-12-02,27.5,16.4,22.3,0.0,14.7,58.2,1009.0
2021-12-03,28.1,14.5,21.3,0.0,19.9,53.9,1009.8
2021-12-04,28.3,15.7,22.1,0.0,20.9,41.4,1009.0
2021-12-05,29.0,15.1,22.1,0.0,17.4,39.8,1008.8
2021-12-06,28.8,14.3,21.7,0.0,18.4,35.1,1010.0
2021-12-07,28.6,16.0,22.2,0.0,21.1,38.2,1010.8
2021-12-08,27.9,15.5,21.5,0.0,18.1,31.5,1010.7
2021-12-09,27.6,14.1,20.6,0.0,18.4,29.8,1012.5
2021-12-10,27.9,14.5,20.7,0.0,16.6,29.5,1013.5
2021-12-11,27.2,12.7,19.4,0.0,14.5,31.4,1012.1
2021-12-12,27.4,11.6,19.1,0.0,12.7,27.8,1011.1
2021-12-13,26.2,10.9,18.6,0.0,17.0,27.3,1010.3
2021-12-14,26.1,10.7,18.3,0.0,20.0,34.5,1010.6
2021-12-15,24.9,10.8,17.8,0.0,16.3,32.5,1011.6
2021-12-16,23.2,9.1,16.3,0.0,21.6,34.2,1012.6
2021-12-17,23.2,10.0,16.2,0.0,25.1,26.6,1014.6
2021-12-18,24.0,9.7,16.4,0.0,19.1,23.4,1014.1
2021-12-19,24.0,9.5,16.4,0.0,14.1,22.6,1013.6
2021-12-20,25.5,8.9,17.2,0.0,11.3,23.3,1011.9
2021-12-21,26.4,11.0,18.6,0.0,13.0,35.2,1010.4
2021-12-22,27.3,14.4,20.8,0.0,14.8,66.8,1007.9
2021-12-23,27.8,15.9,21.8,0.0,17.3,70.9,1006.8
2021-12-24,26.9,17.0,21.5,0.0,14.6,58.2,1007.7
2021-12-25,27.0,13.5,20.6,0.0,13.0,50.3,1008.9
2021-12-26,28.3,16.0,22.0,0.0,19.9,52.1,1009.6
2021-12-27,25.3,16.5,20.0,8.8,13.7,71.1,1011.1
2021-12-28,22.4,15.9,18.5,1.0,18.0,80.2,1011.3
2021-12-29,21.6,12.1,16.4,0.0,16.8,77.5,1013.1
2021-12-30,22.3,12.2,16.3,0.0,21.2,63.7,1014.8
2021-12-31,21.8,12.6,16.6,0.0,21.2,52.5,1015.0
2022-01-01,23.2,11.0,16.4,0.0,16.6,52.9,1014.0
2022-01-02,25.4,11.4,17.8,0.0,18.0,48.5,1012.1
2022-01-03,25.6,13.2,19.3,0.0,13.8,54.6,1010.7
2022-01-04,27.0,14.7,20.6,0.0,17.4,56.2,1009.7
2022-01-05,22.0,15.2,18.6,10.2,18.3,77.3,1008.1
2022-01-06,22.6,13.9,18.2,0.1,14.3,78.8,1008.3
2022-01-07,19.0,12.5,16.4,2.0,17.3,83.7,1007.2
2022-01-08,20.6,9.6,14.7,0.0,12.3,75.8,1009.5
2022-01-09,20.3,9.9,14.5,0.0,12.2,73.7,1010.8
2022-01-10,20.1,8.5,14.2,0.0,13.3,70.4,1011.9
2022-01-11,20.7,9.5,14.8,0.0,17.9,66.1,1012.9
2022-01-12,21.0,9.5,15.1,0.0,16.8,62.8,1012.0
2022-01-13,21.7,8.5,15.3,0.0,16.3,58.5,1011.1
2022-01-14,23.1,9.0,16.1,0.0,19.4,55.0,1011.2
2022-01-15,23.2,10.9,16.7,0.0,20.8,48.8,1012.1
2022-01-16,23.9,9.7,16.7,0.0,18.4,45.3,1012.0
2022-01-17,25.6,10.8,18.3,0.0,15.2,37.5,1012.7
2022-01-18,26.9,11.7,19.2,0.0,14.9,43.7,1012.1
2022-01-19,29.2,12.4,21.0,0.0,22.1,40.8,1008.6
2022-01-20,28.7,16.5,22.0,0.0,19.8,61.2,1004.9
2022-01-21,30.2,17.4,22.7,0.1,36.9,66.2,1002.4
2022-01-22,23.0,14.2,19.6,0.0,32.4,57.5,1001.1
2022-01-23,21.6,8.7,15.4,0.0,10.8,34.7,1005.6
2022-01-24,22.6,7.9,15.8,0.0,11.0,32.5,1007.8
2022-01-25,22.8,8.3,15.7,0.0,11.2,28.8,1009.0
2022-01-26,24.0,7.5,16.1,0.0,12.9,27.7,1009.6
2022-01-27,24.4,7.7,16.5,0.0,12.3,23.9,1010.9
2022-01-28,25.3,8.5,17.2,0.0,13.2,25.5,1010.9
2022-01-29,26.8,9.7,18.3,0.0,12.8,32.4,1010.2
2022-01-30,27.5,12.2,20.0,0.0,17.8,64.3,1007.7
2022-01-31,31.5,16.1,22.6,0.0,16.6,66.3,1005.4
2022-02-01,30.6,14.7,22.5,0.0,14.2,54.3,1005.7
2022-02-02,32.3,14.3,23.8,0.0,29.9,37.2,1004.0
2022-02-03,26.9,15.7,21.3,0.0,24.2,39.2,1003.9
2022-02-04,28.9,11.1,20.0,0.0,21.4,43.1,1004.1
2022-02-05,27.2,12.0,19.5,0.0,17.9,63.5,1005.2
2022-02-06,27.0,11.9,19.9,0.0,22.0,67.2,1007.6
2022-02-07,28.4,15.1,21.9,0.0,16.8,61.8,1008.3
2022-02-08,27.6,14.6,21.3,0.0,22.3,59.3,1007.4
2022-02-09,27.0,13.9,20.7,0.0,17.1,50.5,1009.0
2022-02-10,27.4,13.2,20.6,0.0,16.6,30.3,1011.4
2022-02-11,28.3,12.2,20.8,0.0,17.1,27.4,1010.5
2022-02-12,28.3,12.4,21.5,0.0,11.5,25.0,1008.4
2022-02-13,28.6,10.9,20.7,0.0,14.9,32.9,1005.4
2022-02-14,28.4,12.1,21.0,0.0,17.0,48.2,1005.3
2022-02-15,30.0,14.0,22.4,0.0,14.4,29.7,1005.5
2022-02-16,30.6,15.2,23.2,0.0,14.4,25.2,1004.2
2022-02-17,30.6,16.2,23.6,0.0,10.8,26.3,1003.3
2022-02-18,30.8,15.7,23.9,0.0,17.9,24.1,1004.9
2022-02-19,31.7,17.4,24.6,0.0,16.6,23.8,1007.8
2022-02-20,33.6,15.9,25.0,0.0,21.6,25.6,1006.0
2022-02-21,35.7,17.8,26.2,0.0,26.6,39.5,1002.5
2022-02-22,33.4,18.3,25.0,0.0,32.5,58.8,1002.7
2022-02-23,32.6,18.1,24.7,0.0,18.0,53.5,1006.3
2022-02-24,32.6,15.9,25.2,0.0,12.4,30.8,1008.9
2022-02-25,32.8,15.9,25.0,0.0,18.5,28.0,1007.6
2022-02-26,32.0,16.7,24.6,0.0,22.7,47.2,1007.3
2022-02-27,30.6,18.1,24.4,0.0,25.3,31.8,1010.5
2022-02-28,31.2,17.1,24.2,0.0,18.2,25.1,1009.9
2022-03-01,32.3,17.0,25.1,0.0,13.6,25.8,1008.8
2022-03-02,32.7,18.7,25.4,0.0,23.9,38.0,1008.3
2022-03-03,30.5,17.1,24.1,0.0,20.8,42.7,1010.0
2022-03-04,31.9,16.7,24.7,0.0,16.5,30.2,1010.4
2022-03-05,32.2,17.6,24.8,0.0,17.5,30.6,1008.6
2022-03-06,32.5,16.7,24.9,0.0,16.6,31.0,1005.6
2022-03-07,33.2,16.8,25.4,0.0,17.8,44.8,1006.2
2022-03-08,34.4,19.7,27.2,0.0,20.4,26.6,1006.0
2022-03-09,33.9,19.0,27.1,0.0,18.8,30.3,1006.4
2022-03-10,35.4,20.5,28.5,0.0,13.8,25.7,1006.2
2022-03-11,36.3,20.7,29.6,0.0,19.3,23.5,1006.3
2022-03-12,36.7,21.4,30.0,0.0,12.2,20.8,1005.5
2022-03-13,38.2,21.9,30.6,0.0,19.1,20.8,1005.5
2022-03-14,39.4,22.8,31.4,0.0,18.4,19.9,1005.4
2022-03-15,40.0,21.7,31.0,0.0,23.5,26.2,1003.8
2022-03-16,40.0,21.1,30.6,0.0,22.0,36.6,1002.3
2022-03-17,40.0,20.8,30.3,0.0,24.4,37.2,1001.6
2022-03-18,40.6,20.5,30.3,0.0,26.8,35.2,1000.4
2022-03-19,39.6,21.3,30.2,0.0,30.5,41.3,999.2
2022-03-20,39.0,21.8,30.4,0.0,29.1,30.7,999.4
2022-03-21,37.5,20.7,29.3,0.0,21.7,26.0,1002.6
2022-03-22,36.2,20.5,28.1,0.0,27.2,36.3,1003.7
2022-03-23,38.0,21.0,28.8,0.0,29.5,44.5,1002.3
2022-03-24,37.5,19.8,28.6,0.0,21.4,42.8,1000.7
2022-03-25,39.3,22.3,30.4,0.0,21.2,45.3,1001.4
2022-03-26,39.5,21.8,31.2,0.0,23.4,23.2,1003.5
2022-03-27,41.2,21.5,31.8,0.0,28.1,22.8,1003.4
2022-03-28,41.6,22.4,31.9,0.0,28.1,24.8,1002.3
2022-03-29,41.4,22.5,31.5,0.0,25.2,36.1,1000.5
2022-03-30,39.9,21.3,30.7,0.0,19.8,40.8,1000.3
2022-03-31,40.4,21.4,31.4,0.0,14.0,20.8,1001.4
2022-04-01,40.4,20.6,32.0,0.0,18.5,17.1,1001.9
2022-04-02,41.5,23.3,33.2,0.0,25.4,16.5,1002.1
2022-04-03,40.8,24.2,32.8,0.0,18.9,19.4,1002.6
2022-04-04,41.0,23.0,32.3,0.0,21.9,21.0,1003.0
2022-04-05,41.2,21.8,31.2,0.0,23.3,36.1,1004.2
2022-04-06,42.7,23.0,32.9,0.0,19.8,28.0,1004.3
2022-04-07,43.8,24.2,34.1,0.0,26.9,23.2,1003.2
2022-04-08,42.8,26.5,34.9,0.0,25.2,19.0,1001.1
2022-04-09,40.9,23.3,32.0,0.0,29.7,37.0,1000.0
2022-04-10,41.6,23.7,32.4,0.0,26.7,41.9,999.5
2022-04-11,40.2,23.2,31.2,0.0,29.6,45.3,999.0
2022-04-12,39.6,24.0,30.8,0.0,32.2,52.2,997.9
2022-04-13,42.2,24.0,31.9,0.0,28.5,50.4,997.7
2022-04-14,42.0,22.6,31.4,0.0,30.9,54.2,998.3
2022-04-15,43.8,23.5,33.1,0.0,28.7,42.7,997.5
2022-04-16,42.8,23.9,32.5,0.0,33.4,44.5,996.9
2022-04-17,41.9,24.3,32.3,0.0,31.9,51.9,998.0
2022-04-18,40.7,24.3,31.7,0.0,26.5,55.7,1001.3
2022-04-19,40.7,23.8,32.1,0.0,23.1,51.0,1003.7
2022-04-20,40.6,24.3,31.8,0.0,23.5,49.5,1002.4
2022-04-21,40.6,24.4,32.4,0.0,22.6,44.6,1000.8
2022-04-22,40.3,23.8,32.0,0.0,22.2,42.1,1001.3
2022-04-23,40.7,24.0,32.6,0.0,24.1,34.3,1001.8
2022-04-24,41.2,24.2,33.1,0.0,36.3,38.6,1001.1
2022-04-25,42.1,25.2,33.9,0.0,28.2,32.9,999.6
2022-04-26,42.8,25.5,33.9,0.0,32.0,38.0,1000.0
2022-04-27,42.6,25.4,33.9,0.0,25.1,37.9,999.9
2022-04-28,42.4,24.6,33.7,0.0,26.5,35.2,1000.0
2022-04-29,43.0,26.0,34.0,0.0,29.7,41.8,999.2
2022-04-30,46.1,27.3,35.9,0.0,29.4,36.1,996.1
2022-05-01,44.5,27.1,35.0,0.0,31.6,39.8,995.0
2022-05-02,40.4,27.0,33.2,0.0,40.1,37.8,996.1
2022-05-03,38.4,25.9,31.6,0.0,40.1,56.0,997.1
2022-05-04,40.3,25.6,32.3,0.0,29.5,52.2,999.1
2022-05-05,40.5,25.2,32.5,0.0,22.9,50.6,1000.4
2022-05-06,41.7,25.2,33.4,0.0,33.5,40.3,1000.0
2022-05-07,42.4,25.0,33.8,0.0,28.0,41.2,1000.2
2022-05-08,43.6,25.1,34.3,0.0,26.7,41.2,998.1
2022-05-09,42.6,24.5,33.2,0.0,25.7,45.8,996.7
2022-05-10,42.6,25.0,33.3,0.0,23.1,51.4,996.6
2022-05-11,43.7,25.2,33.7,0.0,19.9,52.7,996.1
2022-05-12,44.0,25.7,34.8,0.0,24.0,41.5,995.0
2022-05-13,45.3,27.2,35.9,0.0,26.9,38.3,993.2
2022-05-14,46.2,27.4,36.3,0.0,33.6,34.5,993.3
2022-05-15,42.3,26.8,33.2,0.0,39.5,50.7,995.7
2022-05-16,42.1,26.1,32.6,0.0,39.6,55.3,995.3
2022-05-17,44.0,25.5,33.2,0.0,36.4,51.8,993.7
2022-05-18,43.5,26.4,33.9,0.0,28.5,49.7,995.4
2022-05-19,43.8,26.4,34.5,0.0,27.6,51.1,996.6
2022-05-20,41.8,25.9,32.8,0.0,35.1,56.9,995.6
2022-05-21,42.5,26.2,32.3,0.0,41.4,61.1,993.7
2022-05-22,42.5,26.7,33.0,0.0,35.4,58.2,991.0
2022-05-23,44.0,27.1,34.0,0.0,37.2,52.2,989.8
2022-05-24,40.6,26.0,32.2,0.0,31.5,61.2,995.0
2022-05-25,40.1,26.8,32.4,0.0,29.9,58.9,999.0
2022-05-26,38.8,26.3,31.6,0.0,35.7,61.7,997.6
2022-05-27,39.7,26.8,32.2,0.0,38.6,58.3,995.7
2022-05-28,40.6,26.7,32.7,0.0,39.3,58.1,994.7
2022-05-29,41.1,26.7,32.8,0.0,32.4,58.1,995.4
2022-05-30,41.3,25.8,32.6,0.0,35.6,58.2,995.6
2022-05-31,41.9,25.9,32.8,0.0,34.3,55.0,996.0
2022-06-01,42.4,25.7,33.0,0.0,32.1,51.9,996.1
2022-06-02,43.5,26.2,34.0,0.0,34.6,49.5,996.1
2022-06-03,44.0,25.8,34.2,0.0,31.4,45.1,995.4
2022-06-04,41.3,26.7,32.8,0.0,34.8,52.5,995.5
2022-06-05,39.8,25.4,31.4,0.0,37.7,61.0,996.0
2022-06-06,40.7,25.2,31.6,0.0,35.7,60.3,996.3
2022-06-07,40.2,25.1,31.3,0.0,39.9,60.0,996.7
2022-06-08,39.5,26.5,32.0,0.0,39.7,59.3,996.0
2022-06-09,39.4,26.4,31.4,0.0,38.2,60.5,994.4
2022-06-10,38.1,26.8,31.6,0.0,33.9,60.2,994.9
2022-06-11,39.2,27.0,32.0,0.0,32.0,59.3,995.4
2022-06-12,38.3,27.2,32.4,0.0,27.0,58.3,995.6
2022-06-13,38.3,27.9,32.0,0.5,28.8,60.4,997.5
2022-06-14,37.9,27.8,32.7,0.0,22.3,59.0,997.1
2022-06-15,39.6,28.4,33.0,0.0,35.8,56.8,995.6
2022-06-16,38.2,28.2,32.3,0.0,36.2,58.0,995.0
2022-06-17,37.8,28.2,32.3,0.1,35.4,60.0,994.4
2022-06-18,37.7,28.2,32.4,0.1,31.6,58.4,994.7
2022-06-19,39.1,28.3,33.1,0.1,34.8,58.0,994.5
2022-06-20,38.2,28.3,32.7,0.0,36.8,57.2,992.8
2022-06-21,37.7,27.8,32.0,0.0,34.0,59.1,990.4
2022-06-22,39.0,27.4,32.6,0.0,28.1,56.6,995.2
2022-06-23,40.8,28.1,34.9,0.0,17.4,41.2,998.1
2022-06-24,42.9,30.1,36.8,0.0,18.4,28.0,995.1
2022-06-25,43.8,28.3,36.2,0.0,35.1,37.1,991.8
2022-06-26,42.9,28.0,35.5,0.0,23.8,49.5,991.6
2022-06-27,41.2,29.2,35.2,0.0,23.2,50.7,993.0
2022-06-28,39.5,29.3,33.9,0.0,31.3,56.0,994.1
2022-06-29,38.1,29.4,32.9,0.1,32.3,60.7,992.2
2022-06-30,37.7,28.8,32.6,0.0,34.9,61.9,991.6
2022-07-01,38.6,28.5,33.0,0.5,32.8,62.5,991.9
2022-07-02,31.7,27.8,29.3,7.1,24.5,81.4,991.5
2022-07-03,34.1,26.7,29.7,8.7,18.4,80.6,991.5
2022-07-04,32.9,27.2,29.4,5.4,16.1,81.9,991.6
2022-07-05,33.1,26.6,29.2,12.7,15.0,84.0,990.8
2022-07-06,31.9,27.2,29.0,7.7,28.1,85.1,991.7
2022-07-07,32.7,26.4,29.0,2.2,12.0,83.7,995.1
2022-07-08,32.0,26.4,28.4,6.8,18.1,87.3,993.4
2022-07-09,30.3,25.8,27.5,3.5,31.4,87.7,991.7
2022-07-10,30.4,25.9,27.8,2.3,27.5,85.9,993.4
2022-07-11,31.0,25.9,27.6,10.6,21.1,86.5,995.1
2022-07-12,31.0,25.9,27.8,1.3,21.5,86.6,994.4
2022-07-13,32.6,25.6,28.8,0.3,16.1,82.7,991.6
2022-07-14,32.7,25.9,28.4,7.4,20.2,86.2,989.9
2022-07-15,31.0,25.8,28.0,39.1,24.4,85.8,989.9
2022-07-16,31.9,26.2,28.8,1.7,31.1,82.2,989.6
2022-07-17,31.4,26.7,28.4,10.5,33.5,84.2,992.7
2022-07-18,31.6,25.8,28.4,3.0,16.3,84.4,995.7
2022-07-19,33.2,26.1,28.8,0.1,22.9,81.2,995.5
2022-07-20,32.6,26.2,28.8,0.5,33.1,81.5,995.4
2022-07-21,32.4,26.3,28.7,0.4,34.4,80.1,995.7
2022-07-22,32.7,25.9,28.6,0.9,26.2,78.8,997.6
2022-07-23,31.9,25.8,28.1,24.9,22.2,83.8,995.2
2022-07-24,27.9,26.0,26.7,28.4,27.9,90.9,992.7
2022-07-25,30.3,25.8,27.3,7.3,34.5,86.4,994.6
2022-07-26,29.0,25.5,26.9,10.6,22.1,88.0,998.9
2022-07-27,30.7,25.6,27.6,5.4,26.4,84.3,999.1
2022-07-28,31.4,25.4,27.9,0.5,29.8,81.3,1000.4
2022-07-29,31.2,25.0,27.7,0.5,29.9,82.2,1000.0
2022-07-30,30.4,25.3,27.5,1.0,32.7,83.4,998.2
2022-07-31,30.8,25.5,27.8,0.9,33.4,82.8,995.8
2022-08-01,31.5,26.2,28.2,1.2,33.2,83.0,995.9
2022-08-02,32.2,26.0,28.7,0.5,23.4,82.3,995.7
2022-08-03,32.5,25.9,29.0,0.0,20.1,79.9,996.1
2022-08-04,34.4,25.7,30.0,0.1,16.0,75.9,995.9
2022-08-05,32.4,26.3,29.1,9.2,15.9,81.8,994.2
2022-08-06,30.4,25.0,27.1,29.6,15.6,88.8,992.7
2022-08-07,32.3,25.1,28.2,6.8,14.8,86.3,992.0
2022-08-08,32.9,26.0,29.1,2.3,10.1,86.0,991.6
2022-08-09,33.9,26.7,29.5,8.6,19.4,84.8,990.4
2022-08-10,32.9,25.2,28.8,49.8,20.9,86.6,988.5
2022-08-11,32.1,26.7,28.8,10.4,25.1,85.9,987.6
2022-08-12,31.2,25.9,27.8,19.4,23.0,87.8,989.6
2022-08-13,30.3,25.3,27.6,2.7,29.8,83.9,992.4
2022-08-14,29.6,24.5,26.6,4.7,38.2,86.4,993.9
2022-08-15,30.0,25.4,27.1,5.9,21.3,88.0,995.3
2022-08-16,30.6,25.1,26.7,35.6,14.8,90.0,994.0
2022-08-17,29.4,25.0,26.3,60.5,28.8,91.8,992.0
2022-08-18,28.8,25.6,26.8,13.8,36.2,89.4,993.6
2022-08-19,31.3,25.3,27.6,0.9,32.8,84.5,995.8
2022-08-20,30.6,25.0,27.3,1.7,29.6,84.5,996.7
2022-08-21,31.1,24.9,27.2,1.0,25.0,85.0,996.2
2022-08-22,31.2,25.3,27.6,1.0,24.9,83.7,994.6
2022-08-23,30.2,25.4,26.9,36.9,24.1,87.1,993.0
2022-08-24,27.2,24.8,25.6,33.1,34.0,89.3,994.6
2022-08-25,30.1,24.7,27.0,0.4,27.4,83.8,997.1
2022-08-26,30.9,24.0,26.8,0.4,21.9,80.7,999.1
2022-08-27,30.4,23.2,26.5,0.5,22.4,81.7,999.6
2022-08-28,30.2,24.3,27.0,1.3,22.3,80.9,999.0
2022-08-29,31.6,24.0,27.5,0.0,18.1,78.6,1001.0
2022-08-30,32.4,25.0,28.2,0.0,11.9,78.2,1002.5
2022-08-31,32.7,24.7,28.4,0.7,17.3,75.8,1001.1
2022-09-01,33.9,24.3,28.6,0.0,20.9,74.0,1000.4
2022-09-02,34.2,25.0,28.9,0.0,15.0,71.9,1001.5
2022-09-03,35.1,25.0,29.4,0.0,29.5,70.8,1000.3
2022-09-04,34.3,25.2,29.1,0.2,35.6,69.8,998.1
2022-09-05,33.8,25.1,28.9,0.1,30.4,68.9,998.5
2022-09-06,33.2,24.5,28.7,0.1,17.4,69.2,1000.0
2022-09-07,35.1,24.6,29.7,0.0,14.6,64.8,1001.4
2022-09-08,38.4,25.6,31.7,0.0,17.5,57.2,1001.0
2022-09-09,40.3,28.4,34.1,0.3,18.3,49.0,998.9
2022-09-10,40.0,28.3,32.8,1.6,12.9,60.0,998.2
2022-09-11,33.6,27.2,29.6,3.1,13.6,79.8,996.5
2022-09-12,32.6,27.0,29.2,5.6,12.6,82.2,995.3
2022-09-13,35.7,26.6,30.1,8.0,17.7,76.0,995.6
2022-09-14,34.5,26.5,30.0,0.0,15.3,79.0,996.5
2022-09-15,36.7,26.6,30.6,0.0,25.3,72.1,996.9
2022-09-16,33.3,25.5,28.5,0.0,31.0,76.2,995.9
2022-09-17,33.2,25.1,28.5,0.1,29.2,73.8,997.1
2022-09-18,34.0,24.3,28.9,0.0,13.8,72.3,1000.9
2022-09-19,35.0,24.3,29.3,0.0,19.1,66.8,1001.4
2022-09-20,35.4,23.5,29.1,0.0,22.9,64.7,1000.8
2022-09-21,35.8,24.0,29.4,0.0,21.9,61.6,1000.7
2022-09-22,36.3,24.1,29.5,0.0,24.7,62.8,1000.1
2022-09-23,35.6,24.3,29.3,0.0,28.9,65.1,999.3
2022-09-24,35.6,24.9,29.5,0.0,30.0,61.8,998.6
2022-09-25,35.5,25.2,29.7,0.0,28.3,58.7,999.2
2022-09-26,34.8,24.5,29.6,0.2,16.8,62.5,1002.7
2022-09-27,35.4,24.7,29.9,0.0,18.0,56.4,1002.0
2022-09-28,35.8,24.4,29.9,0.0,21.5,56.8,1001.0
2022-09-29,35.3,24.5,29.8,0.0,18.2,53.5,1001.2
2022-09-30,36.2,24.0,30.0,0.0,21.0,52.3,1001.8
2022-10-01,36.0,23.7,29.6,0.0,25.5,55.9,1001.3
2022-10-02,35.3,24.9,29.6,0.0,22.3,56.4,1001.3
2022-10-03,35.3,24.0,29.4,0.0,17.1,54.9,1002.6
2022-10-04,35.9,24.9,30.4,0.0,18.0,52.1,1003.5
2022-10-05,36.7,24.9,30.8,0.0,20.3,51.2,1002.4
2022-10-06,37.4,25.0,31.2,0.0,21.8,47.5,1000.4
2022-10-07,37.1,26.0,30.9,0.0,25.0,42.5,1000.0
2022-10-08,37.1,27.8,32.3,0.0,28.8,32.9,1000.2
2022-10-09,37.7,25.7,31.4,0.0,23.6,44.9,1001.7
2022-10-10,37.6,24.6,31.6,0.0,17.8,32.4,1003.2
2022-10-11,37.4,24.6,31.3,0.0,19.5,27.1,1002.5
2022-10-12,37.4,23.8,30.9,0.0,19.0,24.7,1003.4
2022-10-13,37.1,22.8,30.5,0.0,16.8,23.2,1005.0
2022-10-14,36.7,22.9,30.2,0.0,15.9,26.7,1005.4
2022-10-15,37.1,22.5,30.2,0.0,19.1,22.5,1004.5
2022-10-16,37.1,22.2,29.9,0.0,18.6,23.9,1005.7
2022-10-17,36.8,21.9,29.7,0.0,13.4,23.8,1006.4
2022-10-18,36.7,22.0,30.0,0.0,11.3,22.5,1005.1
2022-10-19,36.0,20.3,28.4,0.0,14.2,41.0,1004.7
2022-10-20,36.1,21.1,28.4,0.0,15.7,39.2,1005.3
2022-10-21,36.2,21.2,28.7,0.0,16.9,39.5,1008.5
2022-10-22,36.1,22.4,29.5,0.0,17.3,26.3,1009.9
2022-10-23,36.0,21.2,29.4,0.0,15.3,24.9,1008.9
2022-10-24,35.8,21.2,28.6,0.0,17.8,27.2,1005.7
2022-10-25,36.1,21.5,28.5,0.0,23.3,49.4,1004.2
2022-10-26,35.3,22.7,28.6,0.0,18.2,62.2,1006.4
2022-10-27,35.4,22.3,28.6,0.0,14.4,52.8,1007.0
2022-10-28,34.8,21.9,28.3,0.0,13.9,51.8,1007.3
2022-10-29,35.1,23.0,29.1,0.0,15.0,34.1,1007.3
2022-10-30,35.3,22.7,29.1,0.0,13.2,32.7,1007.7
2022-10-31,35.1,21.1,28.5,0.0,11.0,31.5,1007.4
2022-11-01,35.5,20.7,28.4,0.0,13.1,33.6,1007.9
2022-11-02,36.4,20.6,28.4,0.0,13.9,39.7,1007.7
2022-11-03,37.6,21.1,29.2,0.0,19.2,35.5,1006.3
2022-11-04,37.6,20.8,28.7,0.0,15.9,44.6,1006.7
2022-11-05,37.0,20.2,28.5,0.0,16.5,36.0,1007.9
2022-11-06,35.3,20.9,28.3,0.0,18.1,32.4,1008.3
2022-11-07,33.5,21.2,27.4,0.0,15.5,34.7,1008.1
2022-11-08,32.3,20.3,26.4,0.0,14.3,44.5,1008.0
2022-11-09,32.4,20.6,26.6,0.0,14.7,39.6,1008.6
2022-11-10,33.4,20.4,26.7,0.0,15.5,37.9,1010.0
2022-11-11,33.8,20.8,27.1,0.0,16.6,31.6,1010.8
2022-11-12,32.8,19.9,26.4,0.0,13.8,31.2,1010.4
2022-11-13,32.7,21.3,26.6,0.0,13.1,29.2,1008.2
2022-11-14,33.4,18.2,26.2,0.0,14.4,48.2,1007.5
2022-11-15,31.5,21.2,26.0,0.0,18.8,57.8,1008.8
2022-11-16,31.7,18.9,25.0,0.0,14.5,42.9,1008.9
2022-11-17,31.9,18.9,25.6,0.0,12.0,36.7,1008.7
2022-11-18,31.7,18.6,25.4,0.0,11.2,41.2,1008.4
2022-11-19,31.5,18.0,24.9,0.0,13.0,49.3,1008.7
2022-11-20,32.2,18.6,25.3,0.0,13.2,41.1,1008.0
2022-11-21,31.8,17.8,24.8,0.0,12.8,36.4,1007.9
2022-11-22,31.6,17.5,24.9,0.0,13.1,32.2,1008.0
2022-11-23,30.9,16.5,24.2,0.0,13.7,29.5,1008.4
2022-11-24,30.3,15.8,23.4,0.0,12.1,29.3,1007.8
2022-11-25,30.6,14.3,23.4,0.0,12.7,28.2,1008.7
2022-11-26,30.4,14.0,22.5,0.0,12.3,25.1,1007.5
2022-11-27,30.4,14.4,22.6,0.0,12.3,27.1,1004.5
2022-11-28,30.5,15.5,23.0,0.0,13.5,26.8,1005.2
2022-11-29,30.4,14.8,22.5,0.0,16.9,25.0,1007.3
2022-11-30,31.2,15.0,22.6,0.0,16.6,28.9,1008.7
2022-12-01,29.5,13.8,22.3,0.0,12.6,28.5,1008.0
2022-12-02,28.7,12.6,22.1,0.0,9.4,33.1,1006.4
2022-12-03,28.9,13.3,21.6,0.0,12.6,37.5,1007.3
2022-12-04,29.2,13.7,21.5,0.0,14.2,33.1,1008.6
2022-12-05,29.0,13.1,21.1,0.0,15.0,30.3,1010.2
2022-12-06,28.8,13.9,21.2,0.0,20.8,29.0,1010.2
2022-12-07,29.2,13.9,21.1,0.0,18.8,29.4,1009.6
2022-12-08,29.6,12.8,21.0,0.0,11.2,30.6,1008.7
2022-12-09,29.0,13.1,21.8,0.0,10.1,40.2,1007.1
2022-12-10,30.0,14.1,21.8,0.0,15.5,31.2,1006.8
2022-12-11,28.8,13.6,21.2,0.0,18.3,37.6,1007.7
2022-12-12,29.4,15.1,22.0,0.0,22.5,37.2,1007.7
2022-12-13,30.4,16.2,23.0,0.0,20.3,34.2,1008.9
2022-12-14,30.1,17.7,23.3,0.0,20.4,28.5,1009.7
2022-12-15,29.2,13.6,21.5,0.0,16.5,30.5,1008.5
2022-12-16,29.2,12.0,21.0,0.0,12.1,30.0,1007.0
2022-12-17,30.4,14.5,22.7,0.0,10.9,27.6,1008.0
2022-12-18,30.8,16.8,23.4,0.0,10.6,25.9,1008.2
2022-12-19,29.4,14.8,22.1,0.0,14.5,28.5,1007.3
2022-12-20,28.3,14.7,21.3,0.0,14.1,29.8,1006.8
2022-12-21,27.5,14.2,20.6,0.0,19.4,27.1,1007.7
2022-12-22,26.0,12.2,18.8,0.0,17.9,27.5,1007.9
2022-12-23,25.0,9.5,17.5,0.0,17.5,26.4,1007.7
2022-12-24,25.2,10.7,18.1,0.0,19.1,24.7,1009.6
2022-12-25,25.0,11.3,17.8,0.0,16.8,25.0,1009.9
2022-12-26,25.6,10.9,17.6,0.0,20.9,26.2,1011.0
2022-12-27,25.7,10.8,17.9,0.0,17.9,27.2,1012.2
2022-12-28,27.7,11.2,19.5,0.0,12.8,24.6,1011.8
2022-12-29,29.2,13.7,21.9,0.0,21.7,47.1,1011.2
2022-12-30,26.8,14.8,20.4,0.0,23.0,57.5,1013.6
2022-12-31,24.3,11.4,17.5,0.0,17.2,53.0,1015.0
2023-01-01,25.2,9.7,17.8,0.0,11.4,40.5,1013.3
2023-01-02,26.2,10.9,19.1,0.0,12.1,31.7,1012.8
2023-01-03,25.2,10.5,17.8,0.0,21.5,29.3,1014.3
2023-01-04,22.9,11.1,16.8,0.0,27.2,28.3,1015.3
2023-01-05,22.3,9.5,15.6,0.0,22.3,29.2,1015.2
2023-01-06,24.2,9.0,16.5,0.0,21.7,25.9,1014.7
2023-01-07,27.2,11.9,19.3,0.0,15.9,32.2,1013.6
2023-01-08,27.2,12.2,19.8,0.0,15.7,36.8,1012.2
2023-01-09,27.4,13.3,20.5,0.0,14.1,33.7,1013.2
2023-01-10,27.6,13.3,20.4,0.0,13.8,37.0,1012.5
2023-01-11,28.5,12.7,20.9,0.0,27.0,47.2,1008.4
2023-01-12,24.9,15.0,19.7,0.0,17.9,51.1,1006.6
2023-01-13,23.2,10.0,16.6,0.0,16.6,47.1,1009.0
2023-01-14,21.2,7.9,14.9,0.0,16.8,25.8,1012.1
2023-01-15,20.8,7.1,13.9,0.0,15.1,24.9,1010.8
2023-01-16,22.9,6.8,14.8,0.0,14.6,21.0,1009.8
2023-01-17,24.2,7.5,15.8,0.0,13.7,21.5,1010.6
2023-01-18,26.1,9.9,17.5,0.0,13.8,22.4,1010.7
2023-01-19,26.6,10.5,18.1,0.0,25.9,27.1,1009.9
2023-01-20,23.8,13.0,17.6,0.0,21.8,38.3,1010.1
2023-01-21,22.9,10.9,16.7,0.0,20.2,50.9,1011.1
2023-01-22,22.0,10.2,16.2,0.0,21.2,46.7,1010.7
2023-01-23,22.2,10.4,16.1,0.0,23.6,47.3,1010.4
2023-01-24,22.1,10.1,15.8,0.0,20.4,39.5,1010.1
2023-01-25,22.1,8.0,15.0,0.0,16.6,26.5,1011.3
2023-01-26,22.7,8.5,15.3,0.0,23.0,20.9,1013.0
2023-01-27,24.3,9.7,16.7,0.0,26.0,23.2,1012.3
2023-01-28,26.1,10.4,18.0,0.0,19.8,25.5,1008.0
2023-01-29,25.3,11.1,18.1,0.0,20.7,24.1,1004.7
2023-01-30,26.2,10.0,18.2,0.0,14.0,35.5,1009.8
2023-01-31,26.4,12.8,19.3,0.0,22.0,29.9,1013.2
2023-02-01,26.6,12.2,18.8,0.0,22.7,34.9,1012.6
2023-02-02,27.3,11.1,19.1,0.0,14.4,36.7,1010.9
2023-02-03,29.3,11.0,20.7,0.0,12.8,31.4,1009.8
2023-02-04,30.7,13.0,22.8,0.0,11.6,27.4,1008.2
2023-02-05,31.2,14.2,23.0,0.0,22.9,33.9,1006.1
2023-02-06,31.0,17.3,23.5,0.0,16.9,57.2,1006.3
2023-02-07,30.3,14.9,23.2,0.0,13.9,27.6,1007.3
2023-02-08,31.4,13.5,23.3,0.0,17.8,30.0,1007.2
2023-02-09,33.3,16.1,24.2,0.0,27.5,44.9,1005.8
2023-02-10,33.3,17.9,24.5,0.0,30.4,55.5,1005.8
2023-02-11,30.9,17.2,23.5,0.0,17.5,57.0,1008.9
2023-02-12,30.4,16.7,23.4,0.0,22.9,17.3,1012.7
2023-02-13,29.1,13.8,22.1,0.0,16.6,13.3,1012.5
2023-02-14,32.1,12.8,22.9,0.0,11.8,22.8,1009.8
2023-02-15,33.7,15.4,24.5,0.0,13.6,48.1,1008.2
2023-02-16,37.1,15.4,26.3,0.0,16.4,34.0,1008.0
2023-02-17,35.9,14.6,25.5,0.0,12.6,39.0,1008.4
2023-02-18,35.6,17.6,27.2,0.0,14.4,26.8,1008.1
2023-02-19,36.3,15.5,26.5,0.0,20.6,30.8,1006.9
2023-02-20,36.0,16.9,25.6,0.0,27.7,51.2,1005.3
2023-02-21,34.3,18.3,25.5,0.0,21.1,61.8,1005.9
2023-02-22,34.0,19.5,26.0,0.0,23.6,59.2,1006.0
2023-02-23,32.2,17.6,24.6,0.0,18.7,61.9,1006.5
2023-02-24,32.5,18.2,25.5,0.0,18.8,53.1,1007.8
2023-02-25,32.9,16.7,25.1,0.0,18.1,51.1,1009.4
2023-02-26,35.1,17.7,26.7,0.0,16.0,42.2,1010.5
2023-02-27,35.0,18.1,27.3,0.0,12.8,39.1,1010.0
2023-02-28,35.2,20.5,28.4,0.0,20.4,23.0,1009.2
2023-03-01,35.0,18.4,27.4,0.0,18.4,28.8,1010.1
2023-03-02,35.2,20.4,27.9,0.0,18.4,31.4,1011.0
2023-03-03,35.8,20.9,28.6,0.0,23.1,29.9,1011.4
2023-03-04,35.7,21.9,28.8,0.0,19.0,28.5,1011.0
2023-03-05,34.8,20.1,28.2,0.0,16.3,30.8,1010.9
2023-03-06,35.3,21.2,28.5,0.0,15.3,22.8,1008.4
2023-03-07,34.7,21.1,27.8,0.0,19.4,34.8,1007.8
2023-03-08,35.2,20.4,28.0,0.0,15.5,27.3,1009.0
2023-03-09,34.6,19.1,27.5,0.0,15.3,24.3,1009.5
2023-03-10,35.0,19.9,28.0,0.0,13.4,22.8,1008.8
2023-03-11,35.6,19.4,28.4,0.0,16.4,19.4,1007.8
2023-03-12,35.3,20.8,28.7,0.0,16.6,17.1,1007.2
2023-03-13,36.3,20.9,28.9,0.0,15.7,21.1,1006.2
2023-03-14,36.9,21.6,30.0,0.0,22.1,21.1,1004.2
2023-03-15,31.5,23.4,27.4,0.0,22.5,30.2,1003.1
2023-03-16,35.1,19.8,27.8,0.0,22.5,39.6,1002.6
2023-03-17,34.0,21.3,27.4,0.2,17.4,47.8,1003.6
2023-03-18,33.5,22.4,27.7,0.0,24.6,37.7,1003.3
2023-03-19,31.7,20.8,25.9,0.1,25.1,43.0,1002.7
2023-03-20,31.9,19.2,24.9,0.0,24.2,51.9,1001.6
2023-03-21,32.8,19.9,26.1,0.0,19.2,48.4,1002.0
2023-03-22,32.1,19.8,26.1,0.0,24.8,50.6,1003.0
2023-03-23,32.9,20.3,26.4,0.1,26.3,53.2,1002.6
2023-03-24,32.7,20.2,26.2,0.0,27.6,51.0,1002.1
2023-03-25,32.5,19.9,26.0,0.0,21.0,41.0,1004.6
2023-03-26,33.2,20.0,26.6,0.0,17.6,40.8,1005.8
2023-03-27,33.8,19.3,27.1,0.0,16.5,28.3,1005.0
2023-03-28,35.1,21.6,28.4,0.0,22.7,28.4,1003.5
2023-03-29,34.6,20.8,27.5,0.0,26.3,53.1,1003.3
2023-03-30,32.1,22.4,26.9,0.0,26.0,49.9,1002.3
2023-03-31,33.0,21.6,27.3,0.0,20.6,48.4,1001.5
2023-04-01,36.2,21.2,28.7,0.0,26.3,42.3,1002.5
2023-04-02,35.0,20.5,27.7,0.0,28.6,50.9,1002.6
2023-04-03,36.3,21.6,28.1,0.3,32.4,59.2,1001.4
2023-04-04,35.6,22.7,28.7,0.0,24.6,48.5,1003.0
2023-04-05,35.7,19.8,28.1,0.0,25.7,41.9,1003.0
2023-04-06,35.1,20.3,28.3,0.0,20.8,38.0,1004.6
2023-04-07,37.3,22.1,30.4,0.0,17.5,26.7,1005.7
2023-04-08,39.2,22.0,31.1,0.0,22.1,23.2,1006.3
2023-04-09,38.9,23.4,31.3,0.0,24.7,27.5,1006.5
2023-04-10,37.3,23.1,30.8,0.0,15.9,31.9,1005.5
2023-04-11,37.2,23.1,30.1,0.0,20.5,36.7,1005.4
2023-04-12,38.1,22.3,30.7,0.0,20.5,37.5,1005.0
2023-04-13,39.0,25.2,32.5,0.0,22.0,28.0,1004.2
2023-04-14,39.2,24.7,32.0,0.0,29.0,37.6,1003.3
2023-04-15,39.3,24.3,31.8,0.0,28.5,45.5,1002.2
2023-04-16,39.3,24.2,31.2,0.0,27.3,53.9,1001.3
2023-04-17,39.7,23.6,31.7,0.0,28.3,47.0,1001.8
2023-04-18,40.0,23.9,32.3,0.0,27.4,41.3,1003.9
2023-04-19,38.3,24.8,31.6,0.0,30.6,30.5,1001.8
2023-04-20,39.3,23.6,31.0,0.0,31.8,31.0,998.5
2023-04-21,38.9,22.6,30.4,0.0,21.0,41.0,998.4
2023-04-22,39.6,23.3,31.2,0.0,29.3,39.6,998.9
2023-04-23,38.0,22.5,30.3,0.0,20.0,38.7,1000.3
2023-04-24,38.3,20.7,31.0,0.0,18.8,30.0,1002.0
2023-04-25,38.6,22.9,31.8,0.0,21.1,20.7,1001.8
2023-04-26,37.8,26.1,31.2,0.0,21.8,29.9,1000.4
2023-04-27,36.4,23.5,29.9,0.0,28.1,43.7,1000.9
2023-04-28,34.0,23.7,28.5,0.0,25.3,52.3,1002.4
2023-04-29,33.2,22.4,27.8,0.1,20.9,50.5,1001.6
2023-04-30,31.9,21.6,26.6,1.8,24.5,57.5,1000.2
2023-05-01,34.6,23.9,28.9,0.1,19.7,47.2,999.0
2023-05-02,36.3,25.0,30.7,0.0,19.7,49.2,999.9
2023-05-03,37.4,25.5,31.5,0.0,20.5,45.8,1001.8
2023-05-04,38.4,26.1,32.7,0.0,18.7,38.5,1001.2
2023-05-05,38.7,26.1,32.8,0.0,21.9,35.2,1000.6
2023-05-06,39.4,26.9,33.5,0.0,23.2,36.2,1000.3
2023-05-07,41.2,26.0,33.8,0.0,21.9,36.3,999.9
2023-05-08,41.6,25.1,33.3,0.0,23.7,43.4,999.2
2023-05-09,42.4,24.5,33.6,0.0,16.2,38.3,1000.6
2023-05-10,42.7,25.3,34.5,0.0,17.9,28.9,1000.6
2023-05-11,43.6,25.3,35.0,0.0,21.5,27.1,1000.4
2023-05-12,44.4,26.3,35.5,0.0,24.7,27.6,999.8
2023-05-13,44.3,26.7,35.2,0.0,28.8,33.3,999.3
2023-05-14,43.4,26.8,34.3,0.0,32.1,43.5,997.8
2023-05-15,40.2,26.8,32.4,0.0,34.7,61.1,997.8
2023-05-16,41.2,26.7,32.9,0.0,34.3,58.2,999.7
2023-05-17,40.2,26.8,32.4,0.0,35.4,57.2,1000.8
2023-05-18,39.4,26.8,31.8,0.7,26.1,60.5,1003.1
2023-05-19,41.6,26.6,33.9,0.0,22.5,52.1,1002.2
2023-05-20,41.8,25.8,33.2,0.0,30.6,52.3,1000.7
2023-05-21,40.6,25.7,32.3,0.0,33.5,58.5,1001.3
2023-05-22,39.9,26.5,32.3,0.0,32.7,60.7,1001.6
2023-05-23,40.5,27.0,32.8,0.0,33.5,61.2,1001.3
2023-05-24,41.7,27.0,33.4,0.0,39.1,56.0,999.3
2023-05-25,40.7,27.7,33.2,0.5,46.1,57.8,998.0
2023-05-26,41.6,27.6,33.2,0.0,41.9,59.2,997.8
2023-05-27,41.7,27.5,33.3,0.3,36.0,57.7,997.7
2023-05-28,41.1,27.3,33.7,0.1,35.1,53.0,998.4
2023-05-29,36.4,26.6,30.9,1.7,30.2,68.1,1000.7
2023-05-30,35.4,26.1,29.7,1.7,23.7,71.8,1002.2
2023-05-31,37.7,25.6,31.5,0.0,34.0,56.4,1001.0
2023-06-01,39.9,26.9,32.7,0.0,35.9,56.5,999.0
2023-06-02,38.9,28.0,33.2,0.0,27.4,57.3,999.3
2023-06-03,42.4,27.9,34.5,0.0,31.3,51.8,998.2
2023-06-04,42.7,27.6,33.8,0.4,28.4,56.2,998.8
2023-06-05,41.8,28.1,34.1,1.6,28.8,53.0,998.2
2023-06-06,40.8,27.4,33.4,0.0,31.4,59.8,997.3
2023-06-07,41.8,27.8,33.9,0.0,25.2,59.1,997.0
2023-06-08,40.1,28.1,32.8,0.0,31.5,60.7,998.3
2023-06-09,39.7,26.9,32.5,0.0,33.2,60.0,996.4
2023-06-10,40.9,26.7,33.6,0.0,27.3,55.8,994.5
2023-06-11,41.7,29.2,35.2,0.0,31.8,46.5,993.9
2023-06-12,41.2,29.8,34.6,0.0,37.7,44.6,993.4
2023-06-13,35.8,29.0,31.5,2.8,36.2,63.2,993.5
2023-06-14,37.4,27.7,31.5,0.2,37.1,61.4,994.1
2023-06-15,36.4,27.0,29.7,17.6,53.3,71.1,992.0
2023-06-16,27.5,25.9,26.7,193.8,61.2,86.5,984.8
2023-06-17,31.0,25.6,27.8,39.4,40.2,87.1,992.2
2023-06-18,33.7,26.9,29.5,0.0,36.0,80.1,995.6
2023-06-19,33.0,26.1,29.0,0.0,32.4,79.6,995.9
2023-06-20,32.8,26.1,28.9,0.0,31.8,80.0,995.5
2023-06-21,33.5,25.9,29.2,0.0,30.0,78.5,995.9
2023-06-22,34.1,26.3,29.6,0.4,28.5,78.2,996.3
2023-06-23,34.2,26.2,29.8,0.4,27.9,76.8,996.0
2023-06-24,36.2,26.5,30.8,0.0,28.3,72.2,994.6
2023-06-25,37.2,27.1,31.7,0.0,26.0,69.0,993.8
2023-06-26,34.4,27.6,30.1,1.3,24.8,75.0,994.8
2023-06-27,36.5,27.5,31.4,0.1,23.0,70.2,995.0
2023-06-28,36.7,27.6,31.7,0.1,22.2,70.2,995.5
2023-06-29,39.0,28.1,32.7,0.9,32.2,64.9,994.8
2023-06-30,38.5,28.7,32.6,0.2,28.7,63.5,993.6
2023-07-01,38.3,28.1,32.5,0.0,29.6,64.2,994.6
2023-07-02,39.0,28.3,33.4,0.0,24.4,59.5,995.6
2023-07-03,40.1,28.6,34.1,0.0,22.7,57.1,995.0
2023-07-04,39.5,28.6,33.6,0.0,28.4,59.1,992.9
2023-07-05,38.8,28.5,33.1,0.0,28.8,59.0,991.0
2023-07-06,39.1,28.5,33.5,0.2,29.5,57.8,993.1
2023-07-07,34.0,27.5,31.2,5.3,18.3,70.1,994.1
2023-07-08,31.4,26.2,28.1,24.6,11.8,86.8,994.4
2023-07-09,31.6,26.5,28.3,19.2,17.4,88.5,994.9
2023-07-10,35.2,26.9,30.2,0.0,23.7,78.7,995.7
2023-07-11,34.4,26.6,29.9,0.0,24.6,77.8,996.7
2023-07-12,34.0,26.3,29.7,0.0,25.5,76.5,995.8
2023-07-13,34.4,26.4,30.1,0.0,27.3,75.6,995.4
2023-07-14,35.7,26.9,30.8,0.0,28.0,70.8,996.2
2023-07-15,36.4,27.1,31.1,0.0,34.7,68.8,996.1
2023-07-16,37.8,27.4,31.6,0.0,28.6,64.5,995.5
2023-07-17,38.7,27.2,32.4,0.0,22.4,62.4,994.7
2023-07-18,39.3,28.0,32.8,0.0,26.1,61.2,993.5
2023-07-19,39.4,28.3,33.1,0.0,28.9,60.2,991.9
2023-07-20,35.9,29.0,31.5,3.1,18.9,66.9,992.8
2023-07-21,34.5,28.2,30.8,0.9,11.3,80.1,994.4
2023-07-22,33.3,27.9,29.7,9.4,15.0,84.5,995.6
2023-07-23,33.0,26.9,28.9,28.3,21.3,87.6,994.0
2023-07-24,32.1,26.4,28.7,13.5,14.4,86.7,993.0
2023-07-25,32.0,26.1,28.8,2.6,22.7,84.0,995.3
2023-07-26,33.0,26.2,29.1,0.0,20.1,81.4,997.2
2023-07-27,33.8,26.5,29.4,0.2,24.0,79.5,997.3
2023-07-28,33.3,26.3,29.1,0.5,31.0,78.3,996.1
2023-07-29,32.5,26.1,28.8,0.4,34.5,80.0,995.4
2023-07-30,32.5,26.1,28.8,0.3,30.8,80.7,995.2
2023-07-31,33.3,26.2,29.2,0.3,33.0,80.1,994.8
2023-08-01,33.8,26.1,29.2,0.5,35.4,80.0,994.4
2023-08-02,34.1,26.1,29.2,0.0,39.1,76.5,994.6
2023-08-03,34.2,26.4,29.2,0.3,33.1,74.8,994.2
2023-08-04,34.7,25.9,29.7,0.3,29.8,74.8,995.5
2023-08-05,35.8,26.0,30.1,0.5,35.2,71.8,997.7
2023-08-06,35.6,26.1,29.9,0.0,42.6,70.0,996.3
2023-08-07,35.2,26.4,29.6,0.0,45.7,68.8,993.7
2023-08-08,34.3,26.4,29.5,0.3,39.6,71.4,994.6
2023-08-09,35.8,26.1,29.8,0.1,36.7,71.0,997.6
2023-08-10,35.1,26.2,29.5,0.3,34.2,72.2,998.8
2023-08-11,34.1,25.7,29.5,0.5,30.4,71.1,999.1
2023-08-12,36.4,26.1,29.9,0.3,36.4,68.2,998.1
2023-08-13,35.8,26.1,29.9,0.4,36.9,67.5,995.2
2023-08-14,35.6,25.8,29.8,0.1,37.2,69.6,995.8
2023-08-15,35.8,26.3,30.0,0.1,29.5,67.9,997.9
2023-08-16,34.2,25.7,29.4,0.3,25.0,71.5,999.5
2023-08-17,36.7,25.5,29.9,0.0,32.2,62.7,999.3
2023-08-18,37.2,24.8,30.2,0.0,30.2,60.8,998.2
2023-08-19,37.8,24.9,30.8,0.0,27.9,60.4,997.9
2023-08-20,30.5,25.3,27.3,14.1,24.3,77.9,998.5
2023-08-21,34.9,24.9,29.1,0.1,27.0,74.9,997.9
2023-08-22,34.4,25.1,29.0,0.0,35.2,71.8,997.4
2023-08-23,34.2,25.2,28.8,0.0,40.0,68.9,995.8
2023-08-24,34.9,25.6,29.2,0.0,40.7,67.7,994.1
2023-08-25,35.0,25.7,29.4,0.5,38.5,68.1,994.7
2023-08-26,36.1,25.4,29.7,0.2,33.2,66.4,996.7
2023-08-27,36.1,25.4,29.7,0.2,34.7,65.8,998.0
2023-08-28,35.8,25.2,29.6,0.5,39.1,65.4,997.1
2023-08-29,36.6,25.7,30.2,0.0,31.3,64.0,998.3
2023-08-30,36.4,25.5,30.2,0.0,23.2,63.5,1000.7
2023-08-31,36.4,24.7,30.2,0.0,22.7,61.2,1001.3
2023-09-01,36.6,25.1,30.4,0.0,22.1,60.2,1001.5
2023-09-02,36.3,24.5,30.0,0.0,26.2,61.2,1001.0
2023-09-03,36.2,24.6,29.9,0.0,28.3,59.2,999.7
2023-09-04,35.6,25.0,30.1,0.0,25.6,59.2,998.5
2023-09-05,36.3,25.5,30.7,0.0,21.3,59.2,998.6
2023-09-06,38.7,25.8,32.2,0.0,18.8,53.5,998.9
2023-09-07,41.0,26.2,33.6,0.0,25.6,49.2,997.6
2023-09-08,42.1,26.2,33.9,0.0,29.9,50.9,996.8
2023-09-09,41.9,25.9,33.0,0.0,29.6,54.5,996.2
2023-09-10,39.9,25.6,31.4,0.0,29.5,62.5,995.6
2023-09-11,38.8,25.6,31.1,0.0,32.6,61.7,996.6
2023-09-12,37.2,25.4,30.3,0.0,34.5,63.7,997.6
2023-09-13,36.7,25.7,30.5,0.0,29.3,60.2,997.4
2023-09-14,37.5,26.2,31.3,0.0,23.3,59.3,998.3
2023-09-15,38.0,27.0,32.1,0.0,25.1,56.1,998.5
2023-09-16,38.5,26.0,32.0,13.3,26.7,58.8,997.5
2023-09-17,38.3,26.7,29.8,25.3,29.2,73.7,995.0
2023-09-18,34.2,26.4,28.6,18.1,23.3,84.9,994.3
2023-09-19,29.6,25.2,27.2,39.3,21.1,88.9,996.0
2023-09-20,31.3,25.8,27.9,3.9,38.2,84.5,996.8
2023-09-21,31.5,25.4,28.1,0.0,29.2,83.0,998.8
2023-09-22,31.8,24.9,28.1,0.3,21.0,84.3,999.9
2023-09-23,32.5,25.8,28.9,0.6,17.4,83.8,1000.3
2023-09-24,32.7,26.1,28.9,0.0,21.7,81.0,1000.3
2023-09-25,32.4,24.8,28.0,0.0,20.0,79.0,1000.0
2023-09-26,32.8,24.3,28.3,0.3,11.8,79.5,1001.4
2023-09-27,35.8,25.3,30.2,0.0,14.1,66.3,1001.3
2023-09-28,38.5,25.7,31.3,0.0,19.6,54.0,1000.2
2023-09-29,39.5,24.4,31.8,0.0,19.8,43.8,999.9
2023-09-30,39.7,24.5,31.4,0.0,18.1,48.0,1000.3
2023-10-01,38.1,25.1,31.4,0.0,18.2,34.8,999.8
2023-10-02,38.5,23.5,30.9,0.0,15.3,32.0,1001.0
2023-10-03,38.6,23.4,30.6,0.0,20.0,49.8,1002.7
2023-10-04,36.9,23.0,29.4,0.0,22.9,63.6,1003.5
2023-10-05,36.1,24.3,29.5,0.0,26.2,68.3,1003.2
2023-10-06,35.4,24.3,29.4,0.0,29.1,66.9,1002.0
2023-10-07,35.7,24.6,29.7,0.0,28.5,64.4,1002.6
2023-10-08,36.9,24.5,30.0,0.0,28.7,64.2,1003.9
2023-10-09,36.5,24.7,30.0,0.0,30.5,68.4,1004.5
2023-10-10,36.7,25.0,30.4,0.0,25.9,65.2,1004.4
2023-10-11,37.1,25.2,30.9,0.0,18.6,59.2,1005.2
2023-10-12,37.2,25.1,30.8,0.0,20.6,55.6,1006.0
2023-10-13,37.2,24.4,30.6,0.0,20.2,54.2,1006.7
2023-10-14,37.2,24.3,30.2,0.0,26.5,51.0,1006.1
2023-10-15,36.1,23.1,29.4,0.0,25.1,59.2,1004.5
2023-10-16,35.3,24.0,29.5,0.0,28.1,58.0,1004.4
2023-10-17,35.3,24.2,29.4,0.6,19.9,62.5,1006.1
2023-10-18,35.5,23.5,29.2,0.0,16.3,52.0,1008.6
2023-10-19,35.7,23.3,29.6,0.0,14.6,47.7,1008.1
2023-10-20,36.6,24.3,30.8,0.0,11.2,44.1,1007.7
2023-10-21,37.2,24.5,30.7,0.0,18.0,39.9,1007.8
2023-10-22,38.1,24.4,30.9,0.0,19.1,31.3,1008.2
2023-10-23,37.8,23.9,30.8,0.0,22.7,33.0,1007.4
2023-10-24,37.2,23.5,30.7,0.0,19.1,31.1,1006.7
2023-10-25,37.8,23.2,30.2,0.0,25.6,32.9,1008.1
2023-10-26,37.2,23.4,30.0,0.0,15.8,30.4,1008.1
2023-10-27,36.8,22.5,29.7,0.0,14.9,39.2,1006.3
2023-10-28,36.1,24.1,29.9,0.0,13.3,46.8,1006.3
2023-10-29,36.3,22.7,29.9,0.0,19.3,29.8,1006.7
2023-10-30,37.0,22.5,30.1,0.0,15.2,27.6,1006.7
2023-10-31,36.8,23.7,30.1,0.0,15.5,26.0,1007.2
2023-11-01,37.3,23.5,30.4,0.0,13.3,26.2,1007.9
2023-11-02,36.5,22.9,30.0,0.0,14.4,29.0,1007.3
2023-11-03,36.6,22.2,29.8,0.0,15.9,26.4,1005.2
2023-11-04,36.0,23.4,29.3,0.0,13.6,34.5,1005.1
2023-11-05,36.2,23.0,29.6,0.0,15.1,31.8,1006.5
2023-11-06,36.0,21.9,29.3,0.0,17.4,28.6,1007.6
2023-11-07,35.5,22.5,29.4,0.0,13.8,26.4,1007.7
2023-11-08,35.2,22.6,28.9,0.0,15.0,31.6,1007.0
2023-11-09,34.7,23.7,29.1,0.0,12.8,36.3,1007.2
2023-11-10,34.6,22.3,28.3,0.0,16.6,39.1,1008.6
2023-11-11,33.8,20.7,26.9,0.0,22.1,24.1,1011.5
2023-11-12,32.6,17.2,24.9,0.0,14.2,31.6,1011.7
2023-11-13,31.4,18.5,25.3,0.0,14.0,29.5,1010.4
2023-11-14,32.1,19.4,25.6,0.0,14.1,28.9,1009.8
2023-11-15,31.6,17.8,24.7,0.0,18.5,31.2,1010.0
2023-11-16,31.6,18.0,24.6,0.0,15.5,28.8,1010.2
2023-11-17,30.6,17.6,24.2,0.0,16.8,30.5,1010.1
2023-11-18,30.1,16.9,23.7,0.0,16.2,30.6,1008.9
2023-11-19,30.8,16.6,23.9,0.0,15.6,32.8,1009.1
2023-11-20,32.1,17.9,24.8,0.0,17.2,34.0,1009.6
2023-11-21,32.3,19.6,25.7,0.0,18.3,31.9,1009.6
2023-11-22,31.5,17.7,24.8,0.0,15.5,32.6,1008.2
2023-11-23,31.6,16.3,24.2,0.0,10.6,41.9,1005.9
2023-11-24,32.6,17.5,25.0,0.0,19.7,35.1,1007.2
2023-11-25,31.6,19.0,25.2,0.0,24.3,32.0,1008.0
2023-11-26,24.5,17.8,20.7,12.9,23.9,70.8,1008.0
2023-11-27,23.2,16.5,19.3,0.0,19.7,81.5,1007.8
2023-11-28,24.4,15.3,19.4,0.0,21.4,72.3,1008.4
2023-11-29,25.1,15.2,19.5,0.0,17.2,73.6,1008.8
2023-11-30,26.0,15.4,19.9,0.0,12.9,73.0,1009.3
2023-12-01,27.4,16.1,20.7,0.0,22.2,65.9,1009.9
2023-12-02,27.2,15.9,20.8,0.0,25.3,58.2,1009.7
2023-12-03,28.9,17.3,22.2,0.0,23.0,47.5,1009.9
2023-12-04,28.4,15.2,21.2,0.0,25.6,42.5,1009.7
2023-12-05,26.6,14.9,20.3,0.0,22.6,39.8,1009.2
2023-12-06,27.0,14.8,20.1,0.0,20.6,44.8,1009.4
2023-12-07,27.1,14.9,20.3,0.0,17.1,47.0,1009.5
2023-12-08,26.9,13.3,19.7,0.0,12.9,51.7,1009.1
2023-12-09,27.6,13.3,20.3,0.0,12.1,49.5,1010.0
2023-12-10,28.0,12.4,19.9,0.0,13.3,43.8,1008.9
2023-12-11,28.1,11.5,19.8,0.0,12.3,46.2,1008.0
2023-12-12,27.0,13.0,19.9,0.0,10.7,66.6,1007.1
2023-12-13,28.2,14.1,20.9,0.0,13.0,56.2,1008.7
2023-12-14,27.9,12.7,20.5,0.0,11.0,44.8,1009.7
2023-12-15,28.6,13.5,20.9,0.0,17.7,48.2,1010.1
2023-12-16,28.1,15.7,21.2,0.0,14.2,40.7,1010.6
2023-12-17,27.5,13.4,20.4,0.0,18.5,42.0,1011.4
2023-12-18,27.1,14.0,20.2,0.0,20.9,36.6,1013.3
2023-12-19,25.9,14.4,19.7,0.0,20.3,35.3,1013.7
2023-12-20,24.9,14.3,19.3,0.0,14.5,33.3,1012.8
2023-12-21,27.6,12.5,19.8,0.0,14.0,34.0,1010.6
2023-12-22,28.4,15.5,21.3,0.0,12.9,39.5,1009.3
2023-12-23,28.1,12.7,20.0,0.0,16.3,38.7,1010.4
2023-12-24,28.5,13.5,20.6,0.0,19.4,36.9,1012.8
2023-12-25,27.3,13.1,19.8,0.0,16.3,44.5,1012.4
2023-12-26,27.9,12.4,19.7,0.0,13.8,48.0,1011.4
2023-12-27,28.0,13.3,20.2,0.0,17.9,42.6,1012.4
2023-12-28,28.6,14.3,20.9,0.0,16.8,44.2,1010.6
2023-12-29,28.0,13.0,20.1,0.0,15.0,37.0,1009.9
2023-12-30,27.2,13.9,20.1,0.0,19.9,40.5,1010.0
2023-12-31,26.0,11.9,18.6,0.0,20.3,45.7,1010.3
2024-01-01,25.8,11.8,18.2,0.0,21.2,39.6,1010.8
2024-01-02,25.1,10.3,17.3,0.0,16.6,44.4,1010.0
2024-01-03,25.6,10.2,17.6,0.0,14.8,39.7,1009.5
2024-01-04,25.0,11.2,17.5,0.0,16.5,39.5,1010.4
2024-01-05,24.2,10.3,17.2,0.0,17.8,38.3,1010.6
2024-01-06,25.6,11.9,18.3,0.0,18.6,39.2,1011.5
2024-01-07,24.9,11.7,17.8,0.0,19.1,43.4,1011.9
2024-01-08,24.5,10.1,17.1,0.0,22.5,48.5,1011.8
2024-01-09,23.6,10.5,16.8,0.0,27.7,53.7,1013.1
2024-01-10,24.5,9.6,16.3,0.0,21.0,48.8,1012.6
2024-01-11,25.1,9.0,16.8,0.0,14.8,40.6,1011.9
2024-01-12,25.9,9.0,17.0,0.0,15.1,32.7,1010.4
2024-01-13,26.2,8.5,17.8,0.0,12.9,36.2,1009.9
2024-01-14,26.8,11.0,19.3,0.0,15.8,43.7,1010.7
2024-01-15,25.9,10.9,18.6,0.0,14.5,45.2,1010.1
2024-01-16,26.9,12.7,20.0,0.0,12.2,66.8,1006.6
2024-01-17,27.3,13.8,20.3,0.0,19.6,61.1,1006.3
2024-01-18,26.4,12.5,19.3,0.0,18.0,42.8,1009.5
2024-01-19,27.1,11.1,18.9,0.0,15.3,38.0,1010.1
2024-01-20,27.2,11.7,19.5,0.0,14.0,33.5,1010.8
2024-01-21,27.4,13.9,20.4,0.0,12.4,32.3,1011.2
2024-01-22,27.7,12.3,20.4,0.0,11.3,37.5,1010.7
2024-01-23,27.7,13.5,20.7,0.0,18.4,50.6,1011.1
2024-01-24,26.0,10.6,18.5,0.0,15.3,40.9,1011.5
2024-01-25,26.6,10.7,18.8,0.0,15.6,33.8,1011.8
2024-01-26,26.2,10.9,18.5,0.0,15.5,43.9,1013.1
2024-01-27,26.8,12.2,19.3,0.0,19.8,45.0,1013.1
2024-01-28,26.8,11.5,19.5,0.0,15.1,49.8,1010.9
2024-01-29,27.7,15.2,21.6,0.0,11.9,65.8,1010.8
2024-01-30,28.0,16.7,22.4,0.0,10.9,59.6,1009.8
2024-01-31,26.8,18.0,22.4,0.8,18.9,69.8,1008.3
2024-02-01,29.9,17.0,22.8,0.0,15.0,61.8,1008.5
2024-02-02,30.7,17.1,23.7,0.0,19.2,49.3,1010.1
2024-02-03,30.8,16.6,23.4,0.0,25.7,47.1,1009.8
2024-02-04,27.6,18.7,22.7,1.8,24.9,72.0,1009.8
2024-02-05,27.6,16.7,21.1,0.0,18.2,70.4,1010.6
2024-02-06,28.0,15.5,21.7,0.0,14.1,61.2,1010.7
2024-02-07,26.8,17.4,21.7,0.0,24.4,53.3,1013.1
2024-02-08,25.9,15.2,19.9,0.0,23.3,35.9,1014.6
2024-02-09,26.2,11.1,19.0,0.0,14.8,33.8,1012.2
2024-02-10,28.0,12.0,20.4,0.0,16.6,22.8,1013.0
2024-02-11,27.9,12.7,20.2,0.0,20.7,22.2,1013.4
2024-02-12,27.2,12.5,20.0,0.0,18.8,21.6,1012.3
2024-02-13,27.9,13.5,20.6,0.0,20.8,25.6,1012.4
2024-02-14,28.0,14.2,21.0,0.0,25.3,26.3,1012.9
2024-02-15,28.9,13.4,21.3,0.0,15.1,23.6,1012.2
2024-02-16,31.2,14.3,22.7,0.0,15.9,25.7,1011.7
2024-02-17,32.6,14.1,23.5,0.0,15.5,28.6,1008.3
2024-02-18,31.8,15.2,23.7,0.0,33.5,36.2,1004.7
2024-02-19,32.2,19.2,25.3,0.0,34.3,63.2,1003.7
2024-02-20,30.9,20.5,25.2,0.1,27.5,66.5,1005.2
2024-02-21,30.8,19.0,24.1,0.0,21.6,54.3,1005.0
2024-02-22,29.1,17.6,22.5,0.0,19.8,47.6,1007.3
2024-02-23,28.2,12.8,20.7,0.0,15.1,18.9,1009.4
2024-02-24,29.4,14.5,21.6,0.0,14.2,20.3,1008.8
2024-02-25,29.4,14.7,22.4,0.0,18.1,14.5,1008.8
2024-02-26,28.7,18.4,22.9,0.3,28.7,28.2,1008.4
2024-02-27,30.1,16.5,22.8,0.0,25.1,39.3,1009.7
2024-02-28,30.8,16.4,23.5,0.0,20.5,34.2,1009.4
2024-02-29,34.0,17.6,25.8,0.0,14.6,29.0,1006.2
2024-03-01,31.9,18.7,25.0,3.4,26.9,38.9,1004.4
2024-03-02,25.1,14.7,20.9,0.3,34.7,52.0,1004.6
2024-03-03,22.7,10.1,16.4,0.0,19.1,40.7,1007.5
2024-03-04,25.2,9.7,17.8,0.0,15.3,22.3,1010.2
2024-03-05,26.5,11.6,19.4,0.0,20.2,19.8,1010.9
2024-03-06,28.0,14.2,21.5,0.0,17.7,21.5,1009.3
2024-03-07,29.7,15.9,22.9,0.0,18.6,34.5,1008.2
2024-03-08,30.2,16.6,23.5,0.0,17.7,24.2,1009.7
2024-03-09,30.2,15.9,23.6,0.0,17.1,23.0,1009.7
2024-03-10,31.7,17.1,24.5,0.0,16.6,23.5,1008.8
2024-03-11,32.8,17.7,25.5,0.0,22.0,38.8,1009.6
2024-03-12,32.8,18.9,26.2,0.0,20.6,49.0,1008.9
2024-03-13,32.6,19.4,25.8,0.0,22.5,47.6,1006.9
2024-03-14,32.2,17.4,25.2,0.0,22.5,27.8,1007.8
2024-03-15,33.1,18.6,25.9,0.0,16.9,24.1,1007.4
2024-03-16,34.7,20.1,27.5,0.0,26.6,19.8,1007.2
2024-03-17,35.7,19.2,27.7,0.0,21.3,17.5,1007.3
2024-03-18,35.3,20.2,28.1,0.0,15.6,14.5,1007.3
2024-03-19,38.0,19.8,29.9,0.0,19.8,18.4,1006.2
2024-03-20,37.9,21.0,29.8,0.0,15.6,23.0,1006.3
2024-03-21,36.0,21.7,29.4,0.0,19.6,20.5,1004.4
2024-03-22,38.0,21.0,29.3,0.0,23.5,36.8,1002.2
2024-03-23,38.0,21.7,30.0,0.0,25.3,47.5,1002.2
2024-03-24,37.3,22.4,30.0,0.0,19.7,49.2,1003.4
2024-03-25,38.3,23.3,31.2,0.0,15.3,41.1,1005.2
2024-03-26,40.0,24.8,32.9,0.0,19.4,30.8,1004.2
2024-03-27,40.1,24.3,32.1,0.0,23.2,36.2,1005.8
2024-03-28,38.7,23.2,31.1,0.0,21.2,37.2,1004.7
2024-03-29,37.0,24.2,30.4,0.0,23.2,30.0,1003.6
2024-03-30,35.4,20.3,27.9,0.0,25.4,41.9,1005.6
2024-03-31,36.1,20.2,28.3,0.0,18.2,46.5,1006.7
2024-04-01,36.6,22.5,29.9,0.0,18.2,19.2,1004.1
2024-04-02,37.9,23.5,30.7,0.0,25.1,30.3,1001.6
2024-04-03,37.3,22.1,29.5,0.0,27.2,47.8,1002.0
2024-04-04,37.1,23.7,30.2,0.0,24.9,46.1,1003.1
2024-04-05,36.6,24.2,30.3,0.0,28.9,33.3,1003.0
2024-04-06,37.8,22.7,30.3,0.0,25.9,33.8,1002.3
2024-04-07,38.4,22.7,31.1,0.0,22.3,34.7,1001.7
2024-04-08,39.9,23.7,32.2,0.0,21.6,25.8,1002.3
2024-04-09,40.7,24.6,33.3,0.0,22.5,16.2,1002.1
2024-04-10,39.0,25.9,32.6,0.0,22.9,20.4,1002.0
2024-04-11,39.2,23.3,31.5,0.0,19.5,38.0,1002.4
2024-04-12,40.0,24.5,32.4,0.0,24.7,34.7,1001.3
2024-04-13,39.1,24.0,31.2,0.0,32.3,49.8,1001.6
2024-04-14,32.1,25.5,28.8,0.1,23.9,50.8,1005.1
2024-04-15,36.2,23.9,30.0,0.0,22.3,49.3,1006.1
2024-04-16,38.2,25.2,31.8,0.0,13.0,42.5,1005.1
2024-04-17,40.8,27.7,34.2,0.0,29.5,28.7,1002.6
2024-04-18,34.3,26.4,30.7,0.0,22.7,42.0,1002.2
2024-04-19,35.8,24.3,29.6,0.0,33.8,53.4,1000.4
2024-04-20,36.0,22.8,29.5,0.0,20.8,48.9,1000.5
2024-04-21,36.9,24.2,30.7,0.0,29.1,41.8,1000.9
2024-04-22,38.3,23.5,31.0,0.0,23.1,41.5,1001.4
2024-04-23,39.3,23.5,31.8,0.0,24.1,43.0,1000.5
2024-04-24,39.7,23.8,32.1,0.0,22.9,41.4,999.8
2024-04-25,38.8,23.5,31.4,0.0,26.7,45.2,1000.2
2024-04-26,39.7,23.4,31.8,0.0,30.4,46.4,1000.1
2024-04-27,39.1,23.1,31.3,0.0,25.3,42.2,1001.4
2024-04-28,40.1,23.4,32.1,0.0,34.0,39.4,1001.4
2024-04-29,38.9,25.5,32.6,0.0,23.5,29.5,1002.4
2024-04-30,39.6,24.3,32.2,0.0,21.8,15.9,1001.0
2024-05-01,37.4,22.3,30.5,0.0,21.3,10.6,999.3
2024-05-02,39.1,21.9,31.6,0.0,21.3,15.5,999.5
2024-05-03,40.7,24.6,33.0,0.0,30.4,36.6,999.6
2024-05-04,39.3,28.3,33.3,0.0,30.7,36.7,1001.2
2024-05-05,40.2,26.8,33.4,0.0,27.4,39.8,999.2
2024-05-06,42.0,26.0,33.9,0.0,25.2,43.0,998.8
2024-05-07,43.5,26.7,35.4,0.0,33.9,39.5,999.2
2024-05-08,43.6,26.8,35.2,0.0,33.7,41.8,999.0
2024-05-09,42.3,27.3,34.8,0.0,30.2,45.6,998.2
2024-05-10,39.9,26.6,32.9,0.0,28.2,55.5,999.8
2024-05-11,39.6,25.7,32.7,0.0,27.9,53.7,1001.8
2024-05-12,40.3,25.6,33.3,0.0,19.5,48.7,1001.8
2024-05-13,41.4,26.8,33.9,0.6,23.6,46.1,1001.6
2024-05-14,41.5,26.6,34.7,0.0,17.9,40.2,1002.4
2024-05-15,42.3,27.5,35.5,0.0,28.0,36.7,1002.4
2024-05-16,41.5,28.7,36.0,0.0,21.3,29.6,1002.3
2024-05-17,44.3,28.7,37.1,0.0,27.2,27.3,999.8
2024-05-18,45.0,29.6,37.4,0.0,32.4,24.6,998.0
2024-05-19,43.4,29.0,36.4,0.0,28.1,28.1,996.6
2024-05-20,44.2,27.0,35.7,0.0,28.5,41.0,996.3
2024-05-21,45.4,27.8,36.9,0.0,21.3,36.5,995.9
2024-05-22,46.4,29.0,37.9,0.0,35.9,37.7,995.1
2024-05-23,46.5,28.9,37.6,0.0,33.3,34.0,993.8
2024-05-24,45.5,28.3,36.2,0.0,33.4,44.7,993.3
2024-05-25,45.1,27.6,36.2,0.0,26.4,51.2,994.0
2024-05-26,46.7,28.0,36.4,0.0,30.8,50.0,994.2
2024-05-27,48.1,28.3,37.0,0.0,36.2,44.2,992.5
2024-05-28,46.5,28.5,36.0,0.0,34.3,48.2,991.4
2024-05-29,46.3,28.2,34.4,0.0,43.4,57.8,991.1
2024-05-30,42.0,27.2,33.9,0.0,30.8,62.3,994.0
2024-05-31,40.7,27.4,33.2,0.0,33.1,61.4,996.0
2024-06-01,39.8,27.3,33.2,0.0,32.0,58.8,995.8
2024-06-02,40.4,27.9,34.0,0.0,24.4,55.2,997.5
2024-06-03,41.9,27.2,33.8,0.0,27.4,52.7,998.1
2024-06-04,39.3,26.3,32.2,0.0,35.5,57.7,998.0
2024-06-05,38.4,27.6,32.4,0.0,36.8,54.8,998.0
2024-06-06,39.8,27.6,33.3,0.0,30.8,54.5,999.1
2024-06-07,40.3,28.2,33.9,0.0,30.0,53.2,997.8
2024-06-08,40.8,27.2,33.8,0.0,25.0,53.0,996.5
2024-06-09,41.8,27.6,34.6,0.0,25.1,47.0,996.4
2024-06-10,42.3,27.8,34.8,0.0,30.6,48.8,996.7
2024-06-11,42.4,27.5,33.8,0.0,31.8,54.1,996.9
2024-06-12,39.5,27.8,32.9,0.0,32.7,57.1,997.4
2024-06-13,39.4,28.3,33.1,0.0,30.6,54.1,996.8
2024-06-14,39.0,28.5,33.2,0.1,31.1,56.4,995.6
2024-06-15,38.8,28.2,33.2,0.4,24.2,57.8,995.5
2024-06-16,39.7,28.4,33.8,0.0,25.5,57.1,995.9
2024-06-17,40.5,28.8,33.8,0.0,27.2,56.0,996.2
2024-06-18,38.8,28.8,33.2,0.0,34.2,58.1,995.0
2024-06-19,39.4,28.8,33.3,0.0,37.9,60.2,991.6
2024-06-20,40.5,28.5,33.7,0.0,37.4,59.3,990.1
2024-06-21,40.1,28.7,33.9,0.0,28.0,56.2,992.0
2024-06-22,40.0,28.9,34.7,0.0,23.4,53.6,992.6
2024-06-23,42.2,30.1,36.5,0.0,20.5,44.5,992.6
2024-06-24,44.6,29.9,37.0,0.0,26.2,47.2,990.4
2024-06-25,42.1,29.4,34.8,0.0,24.7,57.1,989.4
2024-06-26,37.7,30.3,34.0,0.7,19.5,61.5,990.0
2024-06-27,36.7,29.3,32.5,16.4,25.3,72.0,991.0
2024-06-28,37.1,28.5,32.3,2.0,26.7,68.3,991.2
2024-06-29,36.0,28.8,31.7,1.1,21.4,70.5,991.8
2024-06-30,34.7,28.2,30.1,12.5,21.2,81.4,991.9
2024-07-01,34.0,27.2,30.1,0.1,22.4,82.3,989.2
2024-07-02,35.4,28.1,30.6,0.1,34.7,78.0,988.1
2024-07-03,37.3,27.6,31.8,0.2,31.1,73.8,989.8
2024-07-04,36.6,27.8,31.8,0.2,25.8,70.2,992.2
2024-07-05,38.4,27.8,32.2,0.0,28.5,66.8,990.6
2024-07-06,38.4,28.0,32.6,0.0,36.7,64.5,988.3
2024-07-07,38.9,28.8,33.1,0.4,34.1,62.2,990.0
2024-07-08,38.9,28.8,33.4,0.6,23.4,60.6,993.1
2024-07-09,36.1,29.8,32.4,2.3,19.3,69.0,994.6
2024-07-10,35.7,28.2,31.8,0.2,15.8,73.0,996.1
2024-07-11,36.8,28.1,31.9,0.3,31.5,71.3,994.7
2024-07-12,36.6,27.8,31.4,0.2,40.1,70.3,991.4
2024-07-13,36.7,27.6,31.6,0.3,31.5,68.6,991.4
2024-07-14,38.6,28.0,32.5,0.1,25.1,65.4,991.1
2024-07-15,40.2,28.3,34.0,0.0,19.0,58.1,992.4
2024-07-16,42.2,29.6,34.5,0.8,26.2,58.8,991.6
2024-07-17,34.1,28.6,31.0,0.9,16.3,78.7,992.2
2024-07-18,34.8,28.3,31.4,1.5,13.3,76.3,991.6
2024-07-19,35.5,28.6,31.1,16.6,15.5,77.2,989.9
2024-07-20,37.4,28.7,32.3,0.0,25.1,71.2,990.4
2024-07-21,37.9,28.1,33.1,0.8,22.1,65.5,991.3
2024-07-22,37.8,28.9,31.6,2.8,16.8,75.3,991.8
2024-07-23,34.8,28.0,30.3,10.4,23.7,81.6,991.5
2024-07-24,34.4,27.9,30.3,0.3,29.3,79.0,989.3
2024-07-25,34.8,27.0,30.4,0.0,27.5,74.0,988.6
2024-07-26,34.8,27.0,30.8,0.2,29.0,74.7,989.9
2024-07-27,34.8,27.6,30.8,0.1,25.5,73.7,991.5
2024-07-28,36.4,27.4,31.4,0.0,17.1,68.4,991.0
2024-07-29,34.0,28.0,30.1,65.1,16.6,80.8,989.8
2024-07-30,32.3,26.6,29.1,2.4,19.1,84.1,992.0
2024-07-31,32.1,26.6,29.0,3.4,26.4,85.6,994.2
2024-08-01,32.8,26.8,29.2,0.9,33.4,82.8,992.9
2024-08-02,31.6,26.7,28.4,3.0,30.1,86.0,991.8
2024-08-03,29.8,26.6,28.0,4.0,28.1,87.3,992.1
2024-08-04,31.9,26.4,28.7,0.7,24.4,83.2,993.1
2024-08-05,30.3,26.0,27.9,3.2,19.8,86.5,995.4
2024-08-06,30.6,26.1,27.9,5.6,29.0,85.6,995.4
2024-08-07,31.0,25.9,28.2,0.3,32.5,80.8,995.6
2024-08-08,32.4,25.3,28.6,0.1,25.3,79.6,996.8
2024-08-09,33.0,25.8,28.6,3.9,28.9,81.1,998.0
2024-08-10,33.9,26.1,29.2,0.3,27.6,77.9,997.2
2024-08-11,32.0,26.0,28.6,0.1,30.8,81.0,995.2
2024-08-12,32.5,26.0,28.9,0.5,24.4,80.9,996.0
2024-08-13,34.5,25.9,29.5,0.4,17.6,78.0,997.6
2024-08-14,32.2,26.4,29.2,0.9,21.8,80.2,998.1
2024-08-15,34.7,26.4,29.9,0.0,22.4,73.0,996.9
2024-08-16,34.1,26.5,29.4,1.0,26.3,75.1,995.1
2024-08-17,32.0,26.3,28.3,2.7,25.7,80.5,996.8
2024-08-18,34.1,26.0,29.4,2.3,24.2,74.5,998.7
2024-08-19,35.2,25.9,30.0,0.3,22.5,71.0,998.7
2024-08-20,36.3,26.2,31.1,0.9,22.1,64.1,997.8
2024-08-21,37.8,26.5,31.7,0.0,21.7,59.6,998.5
2024-08-22,39.4,27.3,32.5,0.0,23.1,57.5,997.7
2024-08-23,37.5,27.6,32.2,0.2,23.8,61.2,997.7
2024-08-24,37.5,27.2,30.8,1.7,24.6,67.7,997.4
2024-08-25,35.0,26.1,29.5,9.9,20.2,77.4,995.2
2024-08-26,31.1,26.3,27.6,46.5,27.6,87.0,992.1
2024-08-27,28.9,25.9,27.2,8.2,36.1,85.1,989.4
2024-08-28,27.7,24.8,26.0,102.3,33.5,90.8,989.1
2024-08-29,30.2,25.2,26.6,13.1,42.7,86.9,987.5
2024-08-30,30.4,25.3,27.1,3.4,42.7,82.3,994.1
2024-08-31,31.4,23.9,27.3,1.8,21.7,81.2,999.6
2024-09-01,33.0,24.4,28.1,0.1,13.5,82.0,999.7
2024-09-02,32.9,24.6,28.3,0.0,14.8,79.0,998.6
2024-09-03,31.2,25.8,27.7,11.9,13.7,83.6,998.8
2024-09-04,27.8,24.7,26.1,43.2,15.3,90.8,998.4
2024-09-05,32.3,25.1,28.3,0.9,24.0,81.9,996.0
2024-09-06,32.2,25.4,28.2,0.2,21.1,81.9,997.5
2024-09-07,31.9,24.6,27.9,0.0,16.8,80.7,998.9
2024-09-08,32.2,24.6,28.1,0.0,18.5,80.9,999.4
2024-09-09,32.5,24.6,28.2,0.0,20.3,80.8,997.2
2024-09-10,32.7,24.2,28.1,0.0,22.0,77.9,996.1
2024-09-11,33.7,24.5,29.0,0.0,20.3,74.6,996.6
2024-09-12,35.0,25.4,29.5,0.0,25.5,70.8,997.2
2024-09-13,34.0,25.1,28.6,0.0,32.8,70.1,997.2
2024-09-14,34.7,24.6,28.8,0.0,32.6,66.0,997.0
2024-09-15,34.7,23.5,29.0,0.0,26.6,64.2,998.7
2024-09-16,34.3,23.9,28.9,0.0,21.7,65.6,1000.4
2024-09-17,36.2,24.1,30.0,0.0,19.1,63.4,1001.0
2024-09-18,37.0,24.6,30.4,0.0,20.2,61.4,999.6
2024-09-19,38.2,25.1,31.5,0.0,24.7,59.2,999.6
2024-09-20,38.5,26.1,32.1,0.0,23.2,58.1,999.3
2024-09-21,37.7,25.5,31.1,0.7,23.9,61.8,1000.3
2024-09-22,37.0,25.5,30.8,0.0,22.9,61.5,1000.4
2024-09-23,37.7,25.6,31.3,0.0,23.1,59.8,1000.0
2024-09-24,38.2,25.8,31.5,0.0,24.1,59.4,998.5
2024-09-25,37.6,26.0,32.0,0.1,22.7,59.0,997.4
2024-09-26,38.7,26.5,31.8,4.6,27.4,60.8,996.4
2024-09-27,38.0,26.3,31.3,0.2,22.2,68.1,996.3
2024-09-28,35.6,26.1,30.6,0.0,21.3,67.7,998.8
2024-09-29,36.6,26.3,31.3,0.0,18.8,61.8,1002.1
2024-09-30,37.9,26.0,31.6,0.0,18.7,58.4,1003.3
2024-10-01,38.1,25.4,31.5,0.0,19.8,58.9,1001.6
2024-10-02,38.9,25.0,31.5,0.0,23.2,60.4,1001.3
2024-10-03,37.8,25.1,30.5,0.0,29.3,66.7,1000.4
2024-10-04,36.4,25.4,29.9,0.0,32.1,67.8,1000.1
2024-10-05,35.9,24.9,30.0,0.0,26.7,66.6,1001.5
2024-10-06,35.8,25.1,30.2,0.0,18.2,61.0,1004.4
2024-10-07,38.0,25.6,31.9,0.0,10.7,43.6,1005.8
2024-10-08,38.9,26.6,33.1,0.0,22.5,34.0,1005.2
2024-10-09,38.4,27.4,32.8,0.0,16.9,37.8,1003.6
2024-10-10,38.6,27.2,32.5,0.0,28.5,38.3,1002.3
2024-10-11,37.8,25.7,31.5,0.0,22.8,46.3,1002.6
2024-10-12,34.9,26.6,30.8,0.1,20.4,49.5,1003.1
2024-10-13,32.1,26.0,28.7,2.0,15.9,69.0,1003.8
2024-10-14,35.3,25.9,29.6,0.0,21.6,64.8,1004.4
2024-10-15,37.3,25.3,30.8,0.2,18.0,57.5,1004.2
2024-10-16,37.0,25.7,31.5,0.0,20.8,57.1,1003.0
2024-10-17,37.6,26.4,31.8,0.0,15.3,52.4,1002.5
2024-10-18,37.5,27.4,32.4,0.0,13.8,46.1,1002.8
2024-10-19,38.2,26.3,32.5,0.0,12.0,37.9,1003.5
2024-10-20,37.2,26.0,31.8,0.0,16.3,49.2,1004.3
2024-10-21,35.8,26.1,30.6,0.3,22.5,57.6,1005.1
2024-10-22,35.5,24.2,29.8,0.0,13.2,55.4,1005.8
2024-10-23,36.9,25.2,31.2,0.0,16.1,40.7,1006.1
2024-10-24,38.0,24.2,31.4,0.0,16.4,31.5,1006.1
2024-10-25,38.0,23.2,31.2,0.0,11.4,30.3,1005.3
2024-10-26,39.2,23.5,31.2,0.0,10.8,34.3,1004.5
2024-10-27,40.1,24.2,32.2,0.0,19.1,43.8,1002.6
2024-10-28,40.3,24.6,32.4,0.0,21.2,40.8,1000.6
2024-10-29,38.4,24.2,30.8,0.0,17.9,49.0,1002.0
2024-10-30,37.1,22.8,29.5,0.0,16.9,54.2,1004.0
2024-10-31,36.3,22.2,29.4,0.0,11.8,45.0,1006.2
2024-11-01,36.8,23.2,30.0,0.0,12.6,31.3,1006.9
2024-11-02,36.4,21.8,29.2,0.0,13.8,42.4,1006.8
2024-11-03,35.6,22.0,29.0,0.0,13.6,43.9,1007.1
2024-11-04,35.5,22.4,29.4,0.0,12.1,37.5,1006.4
2024-11-05,35.9,22.5,29.6,0.0,12.3,40.2,1007.2
2024-11-06,36.0,22.8,29.7,0.0,10.8,38.8,1008.6
2024-11-07,36.9,22.9,29.8,0.0,16.5,38.4,1007.6
2024-11-08,35.9,21.8,28.7,0.0,18.1,49.3,1007.2
2024-11-09,35.4,21.5,28.5,0.0,15.2,40.2,1007.6
2024-11-10,35.3,21.6,28.4,0.0,16.6,39.1,1008.1
2024-11-11,34.5,20.0,27.6,0.0,12.2,40.0,1007.8
2024-11-12,34.3,21.0,27.4,0.0,14.9,43.0,1007.2
2024-11-13,32.9,20.6,26.6,0.0,10.1,41.1,1006.1
2024-11-14,32.4,19.7,25.9,0.0,8.8,39.4,1006.8
2024-11-15,32.5,20.2,25.9,0.0,11.2,40.4,1007.3
2024-11-16,32.7,18.3,25.5,0.0,8.1,42.6,1007.0
2024-11-17,32.3,18.7,25.3,0.0,13.2,42.3,1007.4
2024-11-18,32.0,19.1,24.8,0.0,12.2,37.0,1008.5
2024-11-19,30.9,16.5,23.5,0.0,13.4,40.5,1009.7
2024-11-20,30.5,16.0,22.9,0.0,8.8,38.2,1008.9
2024-11-21,29.5,15.1,22.1,0.0,6.0,41.3,1008.5
2024-11-22,29.2,14.6,21.6,0.0,7.9,45.0,1008.0
2024-11-23,29.3,15.3,21.7,0.0,8.8,48.4,1008.1
2024-11-24,29.4,15.4,21.8,0.0,9.9,46.3,1008.7
2024-11-25,30.5,14.8,22.4,0.0,11.7,43.2,1009.2
2024-11-26,31.3,15.1,22.9,0.0,8.5,46.4,1009.0
2024-11-27,31.6,16.9,23.5,0.0,14.7,48.9,1007.5
2024-11-28,30.9,17.2,23.5,0.0,7.4,51.5,1007.9
2024-11-29,30.1,15.7,22.6,0.0,10.5,48.8,1008.8
2024-11-30,29.1,14.5,21.1,0.0,12.0,42.8,1008.3
2024-12-01,28.1,14.2,21.2,0.0,11.3,47.5,1006.3
2024-12-02,29.0,15.5,21.8,0.0,12.4,50.4,1005.9
2024-12-03,29.0,15.4,22.1,0.0,16.0,53.1,1008.0
2024-12-04,30.1,17.3,23.0,0.0,16.8,43.4,1009.0
2024-12-05,29.2,14.7,21.7,0.0,13.6,43.7,1008.7
2024-12-06,28.7,13.8,21.2,0.0,8.5,51.4,1007.8
2024-12-07,28.1,13.6,20.6,0.0,11.7,49.5,1006.3
2024-12-08,26.7,10.6,18.3,0.0,17.7,41.2,1007.8
2024-12-09,24.2,10.8,17.1,0.0,15.4,27.9,1010.3
2024-12-10,24.8,11.5,17.4,0.0,14.7,34.1,1010.8
2024-12-11,25.5,9.3,17.3,0.0,14.7,38.5,1010.4
2024-12-12,24.5,10.4,17.0,0.0,20.9,30.3,1010.7
2024-12-13,25.5,10.3,17.5,0.0,17.3,26.6,1012.0
2024-12-14,25.2,10.3,17.0,0.0,13.3,28.3,1011.8
2024-12-15,25.8,7.7,16.7,0.0,13.0,32.2,1011.5
2024-12-16,26.1,8.9,17.3,0.0,14.8,29.3,1010.1
2024-12-17,25.0,9.0,17.0,0.0,19.9,31.8,1009.2
2024-12-18,24.7,9.4,16.7,0.0,14.3,32.1,1008.3
2024-12-19,24.5,9.8,16.8,0.0,17.8,27.4,1007.4
2024-12-20,23.6,10.4,16.7,0.0,22.2,33.9,1008.8
2024-12-21,25.5,10.7,17.5,0.0,16.7,43.9,1008.2
2024-12-22,25.9,11.3,17.9,0.0,16.1,52.7,1006.7
2024-12-23,23.5,9.7,16.6,0.0,15.4,50.6,1008.2
2024-12-24,23.3,10.6,16.7,0.0,21.9,53.6,1010.6
2024-12-25,23.4,11.1,16.9,0.0,19.7,51.8,1011.9
2024-12-26,23.7,11.4,17.2,0.0,18.7,54.5,1012.5
2024-12-27,23.5,12.3,17.4,0.0,21.9,47.2,1012.5
2024-12-28,24.5,8.8,16.4,0.0,13.2,34.8,1013.2
2024-12-29,25.5,10.6,17.1,0.0,16.1,34.5,1013.8
2024-12-30,24.5,10.2,16.8,0.0,12.7,40.3,1013.0
2024-12-31,25.4,8.9,17.0,0.0,12.7,38.0,1012.4
2025-01-01,26.2,10.3,18.0,0.0,13.6,36.7,1011.2
2025-01-02,26.7,10.0,18.0,0.0,10.2,43.0,1010.3
2025-01-03,26.5,10.3,18.1,0.0,10.5,47.9,1010.0
2025-01-04,25.0,10.5,18.1,0.0,14.2,60.2,1008.7
2025-01-05,24.0,12.4,17.6,0.0,16.7,43.6,1009.3
2025-01-06,23.7,8.7,15.9,0.0,21.1,41.2,1011.8
2025-01-07,23.6,8.9,16.0,0.0,13.9,34.2,1012.9
2025-01-08,24.5,7.1,15.9,0.0,12.5,40.3,1010.1
2025-01-09,25.8,7.4,16.9,0.0,9.3,44.5,1008.8
2025-01-10,26.0,10.6,18.2,0.1,16.7,49.2,1009.1
2025-01-11,24.7,12.3,18.1,0.0,15.7,56.1,1009.8
2025-01-12,24.8,10.0,16.9,0.0,18.7,48.0,1012.7
2025-01-13,21.3,9.8,15.2,0.0,18.4,66.2,1013.1
2025-01-14,22.3,9.3,15.4,0.0,17.4,65.4,1011.8
2025-01-15,23.4,9.8,16.1,0.0,20.6,63.4,1012.1
2025-01-16,24.2,9.0,16.5,0.0,15.2,51.6,1013.6
2025-01-17,24.5,10.5,16.9,0.0,17.9,41.7,1012.5
2025-01-18,24.9,10.0,16.9,0.0,13.7,47.2,1009.5
2025-01-19,26.0,10.2,17.8,0.0,14.6,46.6,1009.4
2025-01-20,26.3,10.6,18.0,0.0,13.2,55.1,1009.1
2025-01-21,26.3,11.1,18.6,0.0,14.1,55.8,1008.0
2025-01-22,26.1,11.4,18.8,0.0,13.9,51.8,1007.8
2025-01-23,25.3,11.9,18.5,0.0,20.8,44.1,1010.2
2025-01-24,26.1,11.8,18.5,0.0,17.6,36.9,1010.1
2025-01-25,26.7,10.9,18.7,0.0,13.3,31.0,1009.5
2025-01-26,27.0,8.5,17.9,0.0,11.8,29.3,1008.4
2025-01-27,28.5,9.5,19.0,0.0,11.7,28.8,1006.8
2025-01-28,29.3,11.6,20.0,0.0,8.7,30.7,1005.5
2025-01-29,29.6,11.9,20.6,0.0,12.8,51.0,1006.3
2025-01-30,27.4,13.0,19.9,0.0,13.4,51.5,1006.1
2025-01-31,26.8,10.7,18.9,0.0,13.0,43.8,1004.9
2025-02-01,26.1,9.7,17.9,0.0,14.8,42.4,1006.9
2025-02-02,27.6,13.0,19.7,0.0,20.1,37.2,1008.5
2025-02-03,26.7,12.1,19.3,0.0,13.9,28.8,1007.5
2025-02-04,26.2,11.2,18.9,0.0,14.1,40.2,1009.2
2025-02-05,26.3,10.4,18.3,0.0,13.2,36.5,1010.1
2025-02-06,27.8,11.6,19.3,0.0,14.7,25.8,1010.6
2025-02-07,28.5,12.6,19.9,0.0,14.2,24.0,1010.6
2025-02-08,29.0,11.9,20.1,0.0,11.2,29.2,1008.8
2025-02-09,30.2,12.5,21.2,0.0,10.6,29.4,1007.2
2025-02-10,30.4,14.0,21.9,0.0,14.3,34.1,1007.4
2025-02-11,30.4,15.6,22.3,0.0,13.3,59.7,1007.9
2025-02-12,30.7,14.6,22.6,0.0,13.5,40.1,1009.8
2025-02-13,31.5,13.4,22.8,0.0,10.4,32.2,1009.7
2025-02-14,34.4,15.3,24.4,0.0,18.2,38.2,1007.5
2025-02-15,34.3,19.0,26.3,0.0,18.4,39.3,1004.8
2025-02-16,34.5,17.5,25.6,0.0,17.8,51.0,1005.0
2025-02-17,32.8,18.4,25.6,0.0,19.0,51.2,1007.1
2025-02-18,32.8,20.0,26.1,0.0,16.9,39.3,1007.6
2025-02-19,33.7,21.1,26.4,0.0,25.2,38.4,1005.6
2025-02-20,32.2,18.5,25.0,0.0,16.0,45.3,1006.4
2025-02-21,31.3,17.8,24.3,0.0,11.0,42.2,1009.5
2025-02-22,31.9,16.1,23.8,0.0,14.0,41.0,1010.3
2025-02-23,31.9,16.6,24.2,0.0,15.2,41.0,1009.9
2025-02-24,32.7,16.5,25.1,0.0,10.3,39.2,1009.8
2025-02-25,32.5,19.7,26.0,0.0,12.7,37.3,1010.2
2025-02-26,33.9,19.1,26.9,0.0,11.5,39.6,1009.9
2025-02-27,33.1,19.3,26.1,0.0,14.3,32.8,1007.4
2025-02-28,33.1,19.7,25.8,0.0,21.8,57.1,1005.3
2025-03-01,32.6,18.9,25.4,0.0,19.3,51.4,1005.9
2025-03-02,32.9,17.9,25.6,0.0,21.2,45.5,1005.8
2025-03-03,33.9,19.3,26.7,0.0,23.2,41.8,1006.0
2025-03-04,28.9,18.3,23.2,0.0,23.5,15.4,1010.6
2025-03-05,30.1,11.5,21.1,0.0,15.7,14.1,1011.5
2025-03-06,35.3,14.3,25.1,0.0,14.6,18.0,1008.0
2025-03-07,36.6,16.0,26.4,0.0,11.2,35.1,1005.4
2025-03-08,36.1,18.2,27.5,0.0,12.4,34.4,1002.5
2025-03-09,37.9,19.2,28.9,0.0,8.6,26.0,1003.8
2025-03-10,38.7,19.5,29.7,0.0,9.4,25.5,1005.9
2025-03-11,39.5,21.6,30.7,0.0,12.8,21.3,1006.2
2025-03-12,39.0,20.2,29.7,0.0,18.0,26.4,1004.0
2025-03-13,38.1,22.1,29.9,0.0,25.0,34.4,1002.1
2025-03-14,37.4,23.4,30.2,0.0,27.3,34.3,1002.0
2025-03-15,34.1,20.3,27.4,0.0,15.8,44.1,1004.1
2025-03-16,33.9,21.6,27.4,0.0,22.5,29.2,1006.0
2025-03-17,34.0,18.5,27.0,0.0,13.9,23.1,1006.7
2025-03-18,34.6,19.2,27.0,0.0,14.8,19.6,1005.6
2025-03-19,35.1,18.5,27.5,0.0,18.0,24.6,1005.6
2025-03-20,35.0,19.6,27.5,0.0,17.8,39.5,1007.2
2025-03-21,36.3,20.6,28.6,0.0,17.4,22.4,1007.8
2025-03-22,37.9,20.5,29.4,0.0,15.9,20.3,1006.6
2025-03-23,38.8,20.1,29.8,0.0,15.7,29.4,1006.5
2025-03-24,38.9,20.7,30.4,0.0,16.3,17.6,1006.1
2025-03-25,37.3,20.9,29.2,0.0,21.4,25.5,1003.4
2025-03-26,36.7,20.2,28.3,0.0,19.6,49.6,1001.0
2025-03-27,34.2,20.4,27.0,0.0,18.0,38.7,1003.3
2025-03-28,33.3,17.2,25.5,0.0,18.7,11.8,1005.8
2025-03-29,33.6,18.7,26.1,0.0,14.3,8.7,1005.2
2025-03-30,35.9,17.5,26.9,0.0,11.0,10.7,1004.7
2025-03-31,37.7,17.4,28.3,0.0,9.0,13.9,1004.2
2025-04-01,39.2,18.8,29.8,0.0,15.9,14.0,1002.6
2025-04-02,40.0,20.4,30.9,0.0,20.2,12.5,1002.1
2025-04-03,41.2,20.2,31.4,0.0,21.1,16.2,1003.3
2025-04-04,41.3,22.2,31.7,0.0,17.6,26.3,1004.9
2025-04-05,42.2,22.4,32.8,0.0,21.1,20.2,1003.7
2025-04-06,43.9,24.4,34.1,0.0,28.6,19.9,1001.4
2025-04-07,42.8,24.6,33.6,0.0,25.3,20.8,1001.9
2025-04-08,42.4,22.7,32.7,0.0,22.5,27.9,1003.5
2025-04-09,41.7,21.3,32.1,0.0,21.8,28.1,1002.7
2025-04-10,41.1,22.7,31.7,0.0,29.8,37.7,998.8
2025-04-11,40.0,22.9,30.7,0.0,24.5,56.0,996.5
2025-04-12,42.2,23.1,31.9,0.0,24.5,49.8,998.9
2025-04-13,42.0,24.3,32.9,0.0,27.5,37.8,1001.7
2025-04-14,43.5,25.4,33.9,0.0,26.8,35.1,1000.9
2025-04-15,44.6,25.1,34.3,0.0,21.6,41.7,999.9
2025-04-16,45.1,25.7,34.4,0.0,24.4,41.0,999.2
2025-04-17,44.1,25.3,34.0,0.0,24.9,37.3,998.4
2025-04-18,42.4,25.6,33.2,0.0,30.7,38.5,998.5
2025-04-19,41.1,23.6,32.3,0.0,28.5,45.6,997.7
2025-04-20,40.1,23.6,32.2,0.0,20.3,26.7,999.6
2025-04-21,40.1,23.4,32.0,0.0,13.4,20.2,1002.6
2025-04-22,41.1,21.6,32.3,0.0,12.0,16.0,1004.1
2025-04-23,42.0,22.1,33.1,0.0,19.2,24.2,1001.6
2025-04-24,42.8,23.7,33.3,0.0,24.4,33.6,999.0
2025-04-25,42.7,23.9,32.9,0.0,28.5,44.7,999.1
2025-04-26,43.0,23.9,33.3,0.0,19.0,42.8,998.8
2025-04-27,44.7,24.6,34.8,0.0,25.5,34.2,999.7
2025-04-28,44.5,25.0,34.7,0.0,23.3,37.8,998.1
2025-04-29,44.9,25.5,34.9,0.0,23.2,33.6,997.2
2025-04-30,45.1,26.4,35.3,0.0,27.2,30.5,998.3
2025-05-01,43.1,26.4,34.5,0.0,32.3,34.3,999.2
2025-05-02,42.8,26.2,33.8,0.0,28.5,38.5,999.2
2025-05-03,41.2,25.9,32.4,0.2,23.1,51.6,998.2
2025-05-04,39.9,24.9,31.8,0.3,24.0,55.1,997.3
2025-05-05,37.7,24.5,30.6,0.0,17.6,57.5,997.4
2025-05-06,37.2,25.2,31.0,0.3,20.2,51.2,998.4
2025-05-07,39.5,26.3,32.7,0.0,23.9,49.3,997.3
2025-05-08,38.9,26.4,31.7,0.0,18.3,58.3,998.2
2025-05-09,38.3,24.7,31.7,0.0,14.6,54.7,1000.2
2025-05-10,40.0,26.5,33.3,0.0,19.8,45.8,1000.1
2025-05-11,41.1,26.0,33.5,0.0,23.3,49.8,999.1
2025-05-12,41.2,25.7,32.7,0.0,25.0,55.9,998.1
2025-05-13,40.5,24.9,32.5,0.0,22.6,55.4,998.5
2025-05-14,42.2,25.2,33.6,0.0,22.5,53.1,998.6
2025-05-15,43.4,25.5,34.3,0.0,18.6,50.4,998.5
2025-05-16,42.3,25.9,34.1,0.0,25.1,51.8,997.9
2025-05-17,41.7,25.6,33.6,0.0,22.8,54.2,997.6
2025-05-18,40.5,26.9,33.8,0.0,22.2,55.9,997.6
2025-05-19,42.1,26.8,33.8,0.0,23.6,51.5,997.0
2025-05-20,42.3,25.8,33.8,0.0,24.0,53.8,996.4
2025-05-21,42.4,26.6,34.3,0.0,23.7,52.4,996.0
2025-05-22,43.2,26.9,35.0,0.0,24.9,50.2,994.9
2025-05-23,44.4,25.8,35.3,0.0,20.8,47.6,992.7
2025-05-24,44.9,26.0,35.6,0.0,25.7,45.7,991.8
2025-05-25,44.7,26.7,35.8,0.0,23.8,49.4,993.1
2025-05-26,45.5,28.3,37.0,0.0,26.5,45.2,993.6
2025-05-27,44.8,29.0,36.7,0.0,26.7,47.2,991.8
2025-05-28,43.5,27.7,35.1,0.0,27.6,55.4,991.6
2025-05-29,44.0,27.7,34.7,0.0,24.0,55.5,990.4
2025-05-30,43.4,26.9,34.3,0.0,26.8,51.1,989.1
2025-05-31,39.6,27.0,32.2,0.0,34.0,63.9,992.7
2025-06-01,39.2,27.2,32.3,0.0,28.0,61.5,993.5
2025-06-02,39.9,26.7,32.4,0.0,27.5,60.1,992.8
2025-06-03,40.4,26.9,32.9,0.0,24.9,52.6,993.8
2025-06-04,38.9,25.3,31.8,0.0,24.7,59.9,996.3
2025-06-05,39.7,26.3,32.8,0.0,23.4,56.4,999.7
2025-06-06,41.3,26.1,33.4,0.0,24.1,53.9,1001.0
2025-06-07,41.5,25.5,33.2,0.0,25.9,52.2,1000.1
2025-06-08,42.0,25.4,33.0,0.0,28.3,53.5,999.8
2025-06-09,41.1,26.1,33.1,0.0,24.4,52.6,999.0
2025-06-10,40.8,26.3,33.0,0.0,24.5,52.3,997.1
2025-06-11,40.5,26.0,33.1,0.0,22.5,56.1,996.2
2025-06-12,41.9,27.1,34.1,0.0,22.7,55.7,994.4
2025-06-13,42.7,27.5,34.3,0.0,20.8,56.9,993.5
2025-06-14,41.8,28.0,34.8,0.0,20.9,55.8,992.3
2025-06-15,37.8,28.4,33.1,0.1,14.8,59.2,991.1
2025-06-16,36.8,27.2,31.7,1.5,14.6,66.1,990.3
2025-06-17,39.4,29.4,33.8,0.0,21.5,58.2,990.4
2025-06-18,43.7,28.9,35.2,0.0,25.8,54.3,990.6
2025-06-19,38.9,27.8,32.4,0.0,30.4,64.0,990.5
2025-06-20,38.6,27.8,32.5,0.0,28.4,63.6,992.3
2025-06-21,39.1,28.5,32.7,1.2,26.4,66.5,993.2
2025-06-22,36.7,28.1,31.6,0.9,22.0,71.6,992.3
2025-06-23,38.1,28.3,32.6,0.0,27.9,65.6,991.1
2025-06-24,38.1,28.4,32.6,0.0,21.3,64.7,990.1
2025-06-25,37.2,27.8,31.9,0.0,19.2,68.7,991.1
2025-06-26,38.4,28.0,31.8,13.2,17.6,70.6,992.3
2025-06-27,35.9,26.9,29.6,25.4,24.3,83.0,991.5
2025-06-28,37.0,26.8,30.8,0.7,20.4,72.0,990.9
2025-06-29,33.7,26.5,29.9,0.3,27.2,74.5,991.3
2025-06-30,34.8,26.9,30.5,1.5,26.5,74.9,991.2
2025-07-01,36.0,27.4,31.1,0.1,24.5,71.5,992.5
2025-07-02,36.4,27.3,31.1,0.1,24.4,71.9,992.3
2025-07-03,30.7,27.3,28.9,4.5,17.6,84.8,992.6
2025-07-04,34.2,27.0,29.6,7.8,20.7,81.4,993.3
2025-07-05,34.5,27.1,30.4,0.8,24.1,76.8,992.8
2025-07-06,32.2,26.4,27.9,7.0,18.9,89.2,992.1
2025-07-07,34.7,26.3,29.5,1.7,15.6,78.6,992.4
2025-07-08,34.5,25.9,29.8,0.8,19.3,75.8,993.7
2025-07-09,35.1,26.6,30.3,0.3,23.8,74.0,993.8
2025-07-10,34.7,26.5,30.1,0.4,18.4,75.0,994.6
2025-07-11,34.8,26.4,30.4,0.1,17.6,74.5,995.6
2025-07-12,35.4,27.1,30.9,0.0,19.7,70.7,996.1
2025-07-13,35.6,27.1,31.0,0.3,25.0,70.4,995.5
2025-07-14,36.3,26.9,31.1,0.3,24.6,70.5,993.5
2025-07-15,37.4,27.2,31.5,0.0,26.4,69.4,993.2
2025-07-16,35.7,26.4,30.8,0.0,21.3,69.1,994.3
2025-07-17,36.0,26.7,31.1,0.2,18.2,68.3,995.6
2025-07-18,34.0,27.3,30.5,0.1,19.7,67.2,995.9
2025-07-19,32.1,27.1,28.8,4.7,22.8,81.6,992.6
2025-07-20,34.1,26.2,28.5,20.3,20.7,85.0,991.3
2025-07-21,34.3,26.7,29.9,1.4,17.9,78.8,993.6
2025-07-22,35.3,27.1,30.5,0.0,22.9,73.0,994.3
2025-07-23,34.1,26.5,29.9,0.1,25.6,73.4,991.8
2025-07-24,34.3,26.1,30.1,0.6,20.0,74.7,990.7
2025-07-25,35.4,26.7,30.7,0.1,20.6,72.6,990.8
2025-07-26,37.2,26.7,31.0,0.0,25.8,69.7,991.3
2025-07-27,33.0,27.1,29.4,0.0,23.6,75.5,992.0
2025-07-28,35.7,27.1,30.3,0.0,27.1,71.4,992.5
2025-07-29,35.6,26.7,30.0,0.1,29.5,72.4,992.3
2025-07-30,35.7,26.3,29.7,0.0,29.9,72.0,991.9
2025-07-31,35.2,26.3,30.3,0.3,24.5,72.0,993.5
2025-08-01,34.3,25.9,29.6,0.7,25.0,72.6,995.3
2025-08-02,33.6,26.0,29.3,0.1,24.8,72.6,996.0
2025-08-03,35.2,26.1,30.2,0.3,21.8,70.3,996.8
2025-08-04,35.3,25.7,29.9,0.1,23.4,70.8,998.1
2025-08-05,33.8,25.8,29.6,0.2,25.9,70.8,997.7
2025-08-06,35.3,25.5,29.8,0.1,25.2,68.5,998.1
2025-08-07,35.3,25.0,29.9,0.0,22.8,68.0,998.2
2025-08-08,35.2,25.2,29.8,0.0,24.6,68.5,998.6
2025-08-09,35.4,25.5,30.0,0.0,22.6,67.2,1000.1
2025-08-10,35.5,25.4,29.9,0.0,24.0,67.8,999.2
2025-08-11,34.8,25.6,29.8,0.0,24.8,67.3,998.4
2025-08-12,34.3,26.0,29.6,0.0,26.9,68.8,996.6
2025-08-13,35.0,25.9,30.2,0.4,19.0,68.0,994.9
2025-08-14,34.8,26.5,30.6,0.8,14.3,69.5,995.9
2025-08-15,35.7,27.3,30.8,1.0,18.1,69.7,995.7
2025-08-16,34.3,27.2,30.5,0.7,11.7,73.7,994.3
2025-08-17,34.7,27.3,30.6,1.9,13.2,75.7,993.6
2025-08-18,34.6,26.5,30.5,0.3,12.9,78.6,994.7
2025-08-19,34.5,26.2,29.6,39.9,13.8,84.3,994.2
2025-08-20,35.5,26.4,29.4,23.7,17.1,85.4,992.8
2025-08-21,32.6,26.7,28.5,13.9,12.7,88.7,995.2
2025-08-22,32.4,26.0,28.4,2.1,22.4,82.8,995.7
2025-08-23,33.8,26.2,29.0,0.9,22.7,77.8,994.4
2025-08-24,34.0,26.3,29.5,1.1,21.8,76.8,994.8
2025-08-25,35.2,26.6,30.0,0.0,21.1,72.6,995.4
2025-08-26,33.7,26.1,29.5,0.0,17.8,75.8,996.8
2025-08-27,34.0,25.5,29.6,0.0,17.0,75.5,996.9
2025-08-28,33.9,25.9,29.8,0.0,19.0,74.3,996.3
2025-08-29,34.2,25.9,30.0,0.0,16.9,73.1,995.9
2025-08-30,34.8,26.5,30.3,0.1,16.6,74.0,997.6
2025-08-31,35.7,26.6,30.5,0.0,26.7,71.6,996.7
2025-09-01,33.8,25.7,29.3,0.0,26.7,70.8,994.5
2025-09-02,35.0,24.9,29.4,0.1,21.4,71.0,995.3
2025-09-03,34.6,24.8,29.5,0.0,17.5,70.6,997.2
2025-09-04,36.5,25.1,29.8,0.5,18.0,70.2,997.7
2025-09-05,37.3,25.7,31.1,0.1,19.8,66.8,997.0
2025-09-06,36.6,25.4,29.2,21.9,19.4,77.6,996.4
2025-09-07,26.6,24.9,25.9,92.2,32.7,94.7,994.2
2025-09-08,29.7,24.6,26.2,31.2,23.8,90.8,993.4
2025-09-09,30.3,23.9,26.2,10.4,28.2,86.8,999.4
2025-09-10,31.6,24.1,27.3,1.0,17.2,80.3,1002.1
2025-09-11,32.0,23.7,27.4,0.1,20.9,78.8,1001.5
2025-09-12,32.0,24.5,27.9,0.2,16.2,78.0,1001.9
2025-09-13,32.4,24.0,28.1,0.0,14.9,76.0,1002.2
2025-09-14,32.9,24.2,28.3,0.0,21.1,74.6,1001.7
2025-09-15,32.4,24.3,28.3,0.1,22.2,75.2,1000.1
2025-09-16,32.3,24.7,28.2,0.2,20.6,77.2,999.0
2025-09-17,33.1,25.0,28.8,0.2,15.7,76.2,999.9
2025-09-18,33.8,24.6,29.0,0.0,16.1,72.5,999.9
2025-09-19,34.2,24.4,29.1,0.0,17.4,71.3,1000.9
2025-09-20,33.8,23.5,28.6,0.0,15.8,71.4,1001.2
2025-09-21,33.4,23.3,28.2,0.0,16.9,70.5,1000.9
2025-09-22,33.8,23.1,28.5,0.0,17.1,68.6,1001.3
2025-09-23,33.9,23.7,28.8,0.0,21.9,67.8,1001.1
2025-09-24,34.1,23.9,28.9,0.0,18.8,67.4,999.3
2025-09-25,34.5,23.3,29.0,0.0,15.9,64.0,999.5
2025-09-26,35.0,23.9,29.6,0.0,10.4,64.1,1001.0
2025-09-27,36.2,24.4,30.4,0.0,13.5,59.3,1001.7
2025-09-28,39.5,25.4,32.0,0.0,20.6,51.9,998.3
2025-09-29,36.4,27.4,31.6,2.4,19.6,60.6,995.2
2025-09-30,32.0,26.1,28.5,7.7,18.1,75.8,995.1
2025-10-01,32.2,24.9,27.9,3.7,19.0,76.8,996.1
2025-10-02,31.1,25.7,27.7,3.2,19.9,79.0,999.1
2025-10-03,32.5,25.2,28.4,1.8,15.7,77.8,1002.5
2025-10-04,32.7,25.3,28.7,0.2,14.3,73.7,1003.4
2025-10-05,32.9,24.7,27.7,1.5,21.5,80.7,1002.1
2025-10-06,32.8,24.4,27.9,0.9,24.7,73.7,1001.9
2025-10-07,32.1,23.0,26.7,0.0,15.3,69.7,1003.7
2025-10-08,32.0,21.6,26.3,0.0,10.3,66.4,1005.6
2025-10-09,32.6,22.1,27.0,0.0,9.2,54.6,1007.0
2025-10-10,32.5,21.1,26.3,0.0,10.1,55.1,1005.9
2025-10-11,33.5,20.9,26.5,0.0,9.9,51.2,1006.0
2025-10-12,33.1,21.1,26.6,0.0,14.8,49.1,1005.8
2025-10-13,33.6,21.3,26.8,0.0,12.6,43.0,1006.0
2025-10-14,34.4,21.1,27.4,0.0,12.2,41.5,1004.3
2025-10-15,35.0,20.1,27.5,0.0,13.8,38.2,1003.6
2025-10-16,34.4,21.2,27.6,0.0,6.9,36.6,1004.4
2025-10-17,35.1,20.1,27.6,0.0,11.3,38.0,1005.7
2025-10-18,35.3,20.2,27.3,0.0,12.4,40.8,1004.9
2025-10-19,36.1,21.0,27.7,0.0,11.6,40.0,1003.4
2025-10-20,35.5,20.1,27.7,0.0,13.2,40.5,1003.1
2025-10-21,34.8,21.0,27.8,0.0,16.6,39.4,1005.0
2025-10-22,35.7,21.8,28.2,0.0,13.2,38.3,1006.1
2025-10-23,35.4,21.3,27.9,0.0,14.0,37.0,1005.2
2025-10-24,35.4,20.3,27.4,0.0,14.6,35.1,1004.6
2025-10-25,36.0,20.7,27.8,0.0,18.8,30.3,1003.4
2025-10-26,35.2,22.2,27.9,0.0,21.7,27.8,1003.1
2025-10-27,34.3,23.3,28.1,0.0,26.9,42.6,1003.0
2025-10-28,32.4,22.6,27.2,0.0,25.7,57.9,1003.7
2025-10-29,30.7,22.9,26.3,0.0,20.3,63.5,1003.7
2025-10-30,32.1,23.9,27.6,0.0,19.2,64.0,1003.3
2025-10-31,33.2,24.1,27.9,0.0,14.6,61.9,1004.2
2025-11-01,33.6,20.4,26.5,0.0,11.2,59.8,1004.7
2025-11-02,34.6,21.3,27.8,0.0,10.5,56.8,1004.8
2025-11-03,33.1,24.2,27.8,0.6,19.7,66.3,1003.6
2025-11-04,33.9,22.2,26.4,0.0,18.1,63.2,1003.4
2025-11-05,33.1,18.2,24.8,0.0,11.7,46.3,1004.9
2025-11-06,32.5,17.1,24.1,0.0,6.9,42.8,1006.8
2025-11-07,31.6,17.5,24.2,0.0,8.1,38.2,1008.5
2025-11-08,31.3,16.3,23.2,0.0,9.7,38.5,1009.5
2025-11-09,30.4,16.1,22.8,0.0,10.0,51.5,1008.5
2025-11-10,30.0,16.5,22.6,0.0,11.9,58.5,1007.6
2025-11-11,29.9,15.8,22.5,0.0,7.4,58.6,1008.8
2025-11-12,30.6,16.5,23.5,0.0,9.7,49.5,1010.0
2025-11-13,30.8,16.2,23.5,0.0,10.1,41.7,1010.8
2025-11-14,31.0,15.7,23.1,0.0,7.5,36.2,1010.1
2025-11-15,30.7,15.3,22.8,0.0,9.3,35.6,1010.9
2025-11-16,30.4,14.2,21.9,0.0,10.0,34.3,1012.8
2025-11-17,30.0,13.1,21.4,0.0,9.9,34.5,1012.2
2025-11-18,29.5,13.4,21.5,0.0,9.7,37.1,1010.5
2025-11-19,29.4,12.5,20.7,0.0,8.7,39.8,1009.6
2025-11-20,29.6,13.4,21.0,0.0,8.3,41.9,1010.4
2025-11-21,30.6,13.0,21.3,0.0,11.3,45.5,1011.3
2025-11-22,30.4,14.6,21.6,0.0,11.6,42.3,1010.3
2025-11-23,29.2,12.6,20.8,0.0,13.4,45.8,1009.7
2025-11-24,29.0,12.5,20.5,0.0,14.4,40.6,1010.3
2025-11-25,29.0,12.7,20.7,0.0,12.5,46.0,1010.2
2025-11-26,27.9,13.6,20.4,0.0,13.1,45.8,1009.4
2025-11-27,28.0,13.3,20.6,0.0,17.0,48.8,1010.6
2025-11-28,27.7,14.8,20.8,0.0,15.5,49.7,1010.6
2025-11-29,28.1,15.1,21.2,0.0,14.4,55.6,1009.6
2025-11-30,28.8,15.0,21.3,0.0,12.1,50.3,1008.8
2025-12-01,28.6,14.7,21.2,0.0,10.9,46.6,1008.2
2025-12-02,27.7,12.4,19.6,0.0,12.5,46.0,1008.5
2025-12-03,27.7,11.7,19.0,0.0,14.3,43.1,1010.9
2025-12-04,28.3,14.1,20.1,0.0,15.6,41.6,1012.1
2025-12-05,28.6,12.5,20.2,0.0,13.2,43.9,1012.9
2025-12-06,27.1,14.2,19.9,0.0,12.8,48.2,1013.1
2025-12-07,28.4,12.3,19.7,0.0,13.1,42.2,1012.4
2025-12-08,30.0,12.4,20.5,0.0,16.2,38.2,1012.6
2025-12-09,30.4,12.4,20.5,0.0,10.3,37.8,1012.2
2025-12-10,30.1,11.9,20.6,0.0,8.8,34.5,1011.9
2025-12-11,29.3,12.3,20.3,0.0,7.4,35.5,1010.9
2025-12-12,28.7,11.6,19.7,0.0,10.6,46.1,1009.6
2025-12-13,28.2,11.1,19.0,0.0,8.4,57.2,1009.5
2025-12-14,28.3,11.6,19.9,0.0,12.4,54.9,1010.5
2025-12-15,28.0,12.8,19.9,0.0,13.0,58.8,1011.4
2025-12-16,29.5,12.5,20.2,0.0,12.2,50.2,1010.7
2025-12-17,29.2,12.1,19.8,0.0,7.9,48.8,1011.5
2025-12-18,29.3,11.8,20.2,0.0,10.5,54.6,1011.7
2025-12-19,30.0,14.8,21.7,0.0,10.8,47.2,1010.0
2025-12-20,31.4,14.7,22.7,0.0,6.2,48.1,1007.6
2025-12-21,30.5,16.9,23.3,0.0,8.2,49.0,1008.4
2025-12-22,28.9,15.5,22.0,0.0,13.9,61.2,1009.7
2025-12-23,27.5,15.3,20.8,0.0,17.4,60.5,1010.4
2025-12-24,26.8,14.0,19.5,0.0,12.8,50.7,1010.2
2025-12-25,26.4,10.5,18.1,0.0,9.3,48.0,1009.6
2025-12-26,26.6,10.9,18.4,0.0,8.9,43.0,1009.4
2025-12-27,26.3,12.2,18.8,0.0,10.7,49.9,1009.6
2025-12-28,26.5,12.0,19.0,0.0,8.1,55.4,1009.9
2025-12-29,26.9,13.0,19.4,0.0,9.6,51.1,1009.4
2025-12-30,26.8,12.0,19.4,0.0,13.1,57.4,1007.5
2025-12-31,23.2,16.1,19.1,3.8,18.6,79.2,1005.0
